learner_id,session_id,timestamp,content_type,time_spent,engagement_score,quiz_score,completion_rate,attempts_per_quiz,learning_outcome,hour,day_of_week,month
328,0,2025-09-23 16:29:16,3,107,0.72,51,0.95,3,0.5,16,1,9
126,1,2025-09-09 16:29:16,7,76,0.61,60,0.6,2,0.0,16,1,9
347,2,2025-09-15 21:29:16,17,87,0.59,86,0.06,5,0.5,21,0,9
17,3,2025-09-16 09:29:16,0,104,0.48,23,0.65,5,0.0,9,1,9
259,4,2025-09-23 22:29:16,19,6,0.69,87,0.83,2,0.0,22,1,9
367,5,2025-08-05 08:29:16,17,68,0.46,59,0.18,4,0.5,8,1,8
302,6,2025-09-27 10:29:16,8,62,0.21,21,0.01,1,1.0,10,5,9
217,7,2025-08-23 11:29:16,10,53,0.72,90,0.61,2,0.0,11,5,8
491,8,2025-09-14 13:29:16,10,96,0.57,59,0.37,3,0.5,13,6,9
50,9,2025-08-13 20:29:16,11,112,0.75,54,0.98,1,0.5,20,2,8
414,10,2025-07-30 22:29:16,1,7,0.69,100,0.61,5,0.0,22,2,7
499,11,2025-09-16 22:29:16,12,77,0.32,38,0.01,1,0.5,22,1,9
425,12,2025-08-11 21:29:16,19,64,0.41,13,0.81,1,0.0,21,0,8
361,13,2025-09-21 18:29:16,2,94,0.49,52,0.23,4,0.0,18,6,9
396,14,2025-09-17 08:29:16,9,115,0.52,59,0.12,5,0.0,8,2,9
195,15,2025-07-30 19:29:16,8,12,0.3,46,0.17,1,0.5,19,2,7
84,16,2025-08-13 09:29:16,11,40,0.51,49,0.66,2,1.0,9,2,8
137,17,2025-07-11 19:29:16,2,10,0.45,53,0.55,5,0.0,19,4,7
274,18,2025-09-07 01:29:16,7,67,0.43,17,0.78,2,0.5,1,6,9
139,19,2025-08-29 18:29:16,17,78,0.71,61,0.93,4,0.5,18,4,8
432,20,2025-08-29 14:29:16,1,66,0.56,39,0.84,5,0.5,14,4,8
206,21,2025-09-19 09:29:16,8,86,0.58,52,0.59,1,1.0,9,4,9
449,22,2025-08-30 19:29:16,10,64,0.4,40,0.3,5,0.5,19,5,8
203,23,2025-09-09 07:29:16,14,69,0.85,88,0.99,1,0.0,7,1,9
127,24,2025-07-21 07:29:16,17,112,0.22,7,0.01,3,1.0,7,0,7
300,25,2025-07-15 03:29:16,13,119,0.81,80,0.71,3,0.5,3,1,7
113,26,2025-07-24 00:29:16,4,37,0.36,4,0.93,2,0.0,0,3,7
387,27,2025-09-13 11:29:16,1,45,0.47,27,0.86,4,1.0,11,5,9
82,28,2025-07-13 13:29:16,13,38,0.24,32,0.06,5,0.5,13,6,7
196,29,2025-07-29 23:29:16,19,103,0.58,43,0.64,3,0.5,23,1,7
498,30,2025-09-25 18:29:16,17,39,0.5,64,0.38,3,1.0,18,3,9
59,31,2025-08-23 19:29:16,17,5,0.2,4,0.56,3,0.5,19,5,8
58,32,2025-08-03 10:29:16,9,13,0.54,78,0.43,2,0.5,10,6,8
2,33,2025-07-25 10:29:16,8,81,0.39,50,0.03,1,1.0,10,4,7
468,34,2025-07-09 06:29:16,3,56,0.78,95,0.7,5,1.0,6,2,7
260,35,2025-09-02 11:29:16,19,27,0.34,14,0.76,4,0.5,11,1,9
391,36,2025-07-19 23:29:16,5,17,0.36,31,0.6,3,0.0,23,5,7
307,37,2025-07-27 15:29:16,10,90,0.56,27,0.93,5,0.0,15,6,7
476,38,2025-08-19 08:29:16,11,66,0.42,56,0.11,4,0.0,8,1,8
124,39,2025-09-17 13:29:16,18,32,0.39,43,0.42,3,1.0,13,2,9
249,40,2025-07-21 11:29:16,2,96,0.7,88,0.32,1,0.0,11,0,7
338,41,2025-07-19 10:29:16,15,5,0.27,26,0.43,4,0.5,10,5,7
271,42,2025-08-04 09:29:16,19,81,0.15,2,0.01,3,1.0,9,0,8
387,43,2025-08-19 03:29:16,6,13,0.39,61,0.22,3,1.0,3,1,8
333,44,2025-08-01 23:29:16,11,110,0.47,43,0.24,3,0.5,23,4,8
62,45,2025-08-30 13:29:16,7,36,0.7,95,0.56,4,0.5,13,5,8
11,46,2025-07-19 08:29:16,18,117,0.79,61,0.97,4,1.0,8,5,7
113,47,2025-09-17 17:29:16,0,16,0.37,38,0.5,1,1.0,17,2,9
31,48,2025-09-19 14:29:16,7,105,0.46,55,0.04,1,0.5,14,4,9
37,49,2025-08-28 07:29:16,16,6,0.14,1,0.41,5,1.0,7,3,8
249,50,2025-07-20 11:29:16,6,100,0.84,96,0.63,2,1.0,11,6,7
479,51,2025-07-16 00:29:16,18,57,0.44,43,0.45,4,0.0,0,2,7
402,52,2025-08-06 09:29:16,15,59,0.58,74,0.37,1,0.0,9,2,8
50,53,2025-08-13 02:29:16,13,42,0.33,23,0.47,2,0.5,2,2,8
240,54,2025-07-02 19:29:16,1,74,0.71,85,0.54,1,1.0,19,2,7
51,55,2025-08-06 16:29:16,1,77,0.48,58,0.19,5,0.5,16,2,8
410,56,2025-08-27 09:29:16,3,7,0.21,19,0.33,4,0.0,9,2,8
275,57,2025-09-10 02:29:16,14,23,0.64,89,0.51,3,0.0,2,2,9
143,58,2025-08-27 13:29:16,14,24,0.55,95,0.1,1,0.5,13,2,8
414,59,2025-09-15 14:29:16,17,37,0.37,39,0.39,2,1.0,14,0,9
277,60,2025-09-16 08:29:16,0,108,0.38,0,0.68,1,0.0,8,1,9
209,61,2025-07-28 09:29:16,15,93,0.68,49,0.92,2,0.5,9,0,7
463,62,2025-09-06 03:29:16,1,103,0.4,6,0.66,2,0.0,3,5,9
200,63,2025-07-31 06:29:16,8,116,0.57,59,0.26,1,0.5,6,3,7
357,64,2025-07-04 17:29:16,17,52,0.31,11,0.56,3,0.5,17,4,7
80,65,2025-08-21 09:29:16,6,13,0.72,98,0.7,3,0.0,9,3,8
297,66,2025-09-19 16:29:16,17,24,0.28,23,0.4,1,0.5,16,4,9
30,67,2025-07-15 00:29:16,1,28,0.7,74,0.94,4,1.0,0,1,7
471,68,2025-09-07 14:29:16,16,42,0.66,83,0.58,1,1.0,14,6,9
42,69,2025-09-18 20:29:16,5,103,0.29,24,0.01,2,0.0,20,3,9
346,70,2025-08-07 12:29:16,7,70,0.52,53,0.45,5,1.0,12,3,8
127,71,2025-07-13 14:29:16,18,45,0.78,99,0.71,1,1.0,14,6,7
42,72,2025-07-04 21:29:16,13,18,0.18,20,0.18,3,1.0,21,4,7
268,73,2025-08-25 09:29:16,10,21,0.36,32,0.54,3,1.0,9,0,8
367,74,2025-08-28 07:29:16,10,119,0.7,85,0.27,5,0.5,7,3,8
68,75,2025-07-31 05:29:16,9,55,0.63,53,0.91,3,0.0,5,3,7
5,76,2025-07-09 21:29:16,14,102,0.42,20,0.5,4,0.0,21,2,7
38,77,2025-08-30 23:29:16,17,115,0.76,63,0.86,4,0.5,23,5,8
68,78,2025-09-19 08:29:16,11,65,0.43,47,0.28,3,0.5,8,4,9
146,79,2025-08-01 22:29:16,5,68,0.37,48,0.04,4,1.0,22,4,8
155,80,2025-07-05 23:29:16,19,96,0.59,29,0.95,5,0.0,23,5,7
342,81,2025-08-19 18:29:16,17,10,0.73,98,0.75,5,0.0,18,1,8
481,82,2025-08-25 12:29:16,4,28,0.64,92,0.43,5,0.0,12,0,8
381,83,2025-09-08 07:29:16,17,99,0.95,98,0.98,4,0.5,7,0,9
310,84,2025-08-15 09:29:16,6,67,0.59,84,0.19,1,1.0,9,4,8
325,85,2025-07-25 00:29:16,8,71,0.37,17,0.56,2,0.5,0,4,7
464,86,2025-09-15 19:29:16,1,71,0.37,45,0.1,2,0.5,19,0,9
425,87,2025-09-22 15:29:16,8,31,0.15,1,0.32,1,0.5,15,0,9
395,88,2025-07-08 07:29:16,4,13,0.44,42,0.71,5,0.0,7,1,7
380,89,2025-07-18 17:29:16,14,46,0.44,25,0.81,1,0.5,17,4,7
288,90,2025-09-13 13:29:16,0,28,0.13,12,0.08,1,1.0,13,5,9
463,91,2025-07-20 14:29:16,4,40,0.34,44,0.19,4,0.5,14,6,7
299,92,2025-09-09 02:29:16,17,119,0.64,86,0.03,2,0.0,2,1,9
22,93,2025-08-12 14:29:16,9,70,0.45,31,0.58,3,0.5,14,1,8
108,94,2025-07-04 12:29:16,7,29,0.5,57,0.54,5,0.5,12,4,7
400,95,2025-08-05 20:29:16,17,26,0.59,57,0.86,1,1.0,20,1,8
80,96,2025-09-07 10:29:16,7,56,0.54,41,0.82,3,0.5,10,6,9
13,97,2025-08-16 02:29:16,5,64,0.76,100,0.52,5,1.0,2,5,8
443,98,2025-08-24 10:29:16,7,64,0.26,4,0.46,5,1.0,10,6,8
56,99,2025-09-23 00:29:16,12,100,0.79,93,0.54,4,0.0,0,1,9
103,100,2025-08-14 06:29:16,14,20,0.38,12,0.97,2,0.0,6,3,8
115,101,2025-07-05 09:29:16,0,34,0.39,18,0.8,3,0.5,9,5,7
169,102,2025-09-19 07:29:16,8,96,0.47,57,0.08,5,0.5,7,4,9
329,103,2025-08-06 18:29:16,16,94,0.71,61,0.84,1,1.0,18,2,8
170,104,2025-09-13 07:29:16,0,16,0.08,0,0.17,1,0.0,7,5,9
298,105,2025-09-23 12:29:16,8,115,0.43,33,0.24,1,1.0,12,1,9
223,106,2025-08-18 02:29:16,11,108,0.46,0,0.95,5,1.0,2,0,8
262,107,2025-08-08 21:29:16,3,26,0.63,92,0.42,4,0.0,21,4,8
131,108,2025-06-29 02:29:16,1,30,0.17,15,0.16,1,0.0,2,6,6
267,109,2025-07-01 16:29:16,17,33,0.47,77,0.09,1,1.0,16,1,7
378,110,2025-08-12 02:29:16,6,98,0.68,61,0.7,4,0.0,2,1,8
486,111,2025-07-10 05:29:16,10,20,0.71,89,0.76,5,1.0,5,3,7
435,112,2025-08-19 23:29:16,3,43,0.62,99,0.17,5,0.5,23,1,8
342,113,2025-08-17 03:29:16,13,27,0.37,9,0.95,4,1.0,3,6,8
152,114,2025-09-11 09:29:16,17,38,0.43,51,0.37,2,0.5,9,3,9
341,115,2025-07-02 16:29:16,12,23,0.47,57,0.5,5,0.0,16,2,7
316,116,2025-08-20 03:29:16,18,113,0.39,3,0.62,2,1.0,3,2,8
427,117,2025-08-20 06:29:16,0,117,0.83,91,0.59,3,0.0,6,2,8
221,118,2025-07-11 19:29:16,18,88,0.47,23,0.68,3,0.5,19,4,7
239,119,2025-08-01 18:29:16,14,37,0.46,32,0.81,3,0.0,18,4,8
262,120,2025-09-05 18:29:16,15,105,0.35,11,0.39,1,0.0,18,4,9
146,121,2025-07-04 19:29:16,16,44,0.5,73,0.21,5,1.0,19,4,7
172,122,2025-08-27 18:29:16,2,17,0.11,11,0.1,2,0.5,18,2,8
116,123,2025-09-09 15:29:16,6,119,0.47,34,0.34,2,0.0,15,1,9
126,124,2025-07-11 13:29:16,15,12,0.73,92,0.84,2,0.5,13,4,7
213,125,2025-09-02 17:29:16,18,38,0.13,6,0.12,5,1.0,17,1,9
197,126,2025-08-07 08:29:16,15,118,0.83,74,0.88,4,0.0,8,3,8
336,127,2025-09-14 02:29:16,0,93,0.55,20,0.97,4,0.0,2,6,9
91,128,2025-07-30 14:29:16,16,14,0.75,100,0.75,3,1.0,14,2,7
128,129,2025-07-31 11:29:16,3,53,0.7,98,0.41,2,0.5,11,3,7
342,130,2025-07-17 20:29:16,16,117,0.77,95,0.34,5,0.5,20,3,7
487,131,2025-07-10 16:29:16,14,16,0.52,54,0.75,1,1.0,16,3,7
219,132,2025-08-01 10:29:16,17,103,0.59,29,0.9,4,1.0,10,4,8
442,133,2025-08-01 07:29:16,15,116,0.73,88,0.32,3,0.0,7,4,8
431,134,2025-07-23 00:29:16,8,23,0.29,48,0.05,5,1.0,0,2,7
123,135,2025-08-02 13:29:16,8,109,0.3,18,0.09,4,1.0,13,5,8
147,136,2025-08-24 05:29:16,7,82,0.89,94,0.95,3,0.5,5,6,8
458,137,2025-09-17 11:29:16,17,115,0.4,15,0.45,3,0.0,11,2,9
119,138,2025-07-01 11:29:16,12,16,0.31,24,0.55,5,1.0,11,1,7
110,139,2025-08-05 02:29:16,2,104,0.67,52,0.79,1,0.5,2,1,8
278,140,2025-08-05 14:29:16,14,43,0.48,52,0.49,2,0.0,14,1,8
427,141,2025-08-08 21:29:16,13,9,0.45,34,0.89,3,1.0,21,4,8
11,142,2025-08-10 00:29:16,18,79,0.51,17,0.97,1,0.0,0,6,8
483,143,2025-08-20 03:29:16,11,78,0.6,57,0.62,5,0.5,3,2,8
276,144,2025-07-12 08:29:16,17,106,0.34,6,0.43,2,0.5,8,5,7
113,145,2025-08-03 00:29:16,8,13,0.53,49,0.89,2,0.0,0,6,8
200,146,2025-07-03 18:29:16,10,9,0.18,28,0.08,3,0.5,18,3,7
371,147,2025-07-30 11:29:16,5,12,0.6,64,0.88,1,1.0,11,2,7
274,148,2025-08-07 21:29:16,0,75,0.74,88,0.59,4,1.0,21,3,8
340,149,2025-09-16 19:29:16,0,74,0.42,30,0.48,4,0.5,19,1,9
70,150,2025-09-04 14:29:16,14,58,0.41,38,0.42,2,0.5,14,3,9
195,151,2025-08-31 01:29:16,10,23,0.36,38,0.43,5,0.5,1,6,8
173,152,2025-08-23 02:29:16,12,17,0.65,91,0.57,4,0.5,2,5,8
428,153,2025-07-29 15:29:16,2,96,0.55,71,0.12,1,1.0,15,1,7
277,154,2025-08-14 08:29:16,1,43,0.28,0,0.68,4,1.0,8,3,8
36,155,2025-09-24 08:29:16,1,66,0.56,62,0.48,1,0.0,8,2,9
430,156,2025-07-10 11:29:16,0,60,0.33,32,0.22,2,0.0,11,3,7
65,157,2025-07-04 12:29:16,15,48,0.59,44,0.97,5,1.0,12,4,7
486,158,2025-07-29 17:29:16,6,51,0.2,20,0.04,5,0.5,17,1,7
393,159,2025-09-05 20:29:16,11,79,0.71,100,0.25,3,1.0,20,4,9
494,160,2025-09-07 06:29:16,3,24,0.48,56,0.52,1,0.0,6,6,9
297,161,2025-08-18 21:29:16,0,53,0.24,13,0.29,1,1.0,21,0,8
465,162,2025-08-07 17:29:16,12,58,0.38,2,0.9,1,0.0,17,3,8
39,163,2025-06-30 19:29:16,18,79,0.47,11,0.96,4,0.0,19,0,6
53,164,2025-07-01 20:29:16,9,28,0.28,27,0.34,2,0.0,20,1,7
408,165,2025-09-22 04:29:16,18,96,0.47,35,0.46,2,1.0,4,0,9
220,166,2025-09-18 23:29:16,11,64,0.43,49,0.27,5,1.0,23,3,9
175,167,2025-08-05 00:29:16,0,45,0.87,99,0.99,1,0.0,0,1,8
222,168,2025-07-08 01:29:16,11,77,0.41,32,0.41,5,1.0,1,1,7
79,169,2025-09-04 16:29:16,13,96,0.34,28,0.13,3,1.0,16,3,9
495,170,2025-07-10 22:29:16,8,10,0.55,81,0.42,5,0.5,22,3,7
239,171,2025-07-14 07:29:16,13,51,0.33,24,0.42,2,0.5,7,0,7
437,172,2025-09-16 07:29:16,7,113,0.22,4,0.03,1,0.5,7,1,9
125,173,2025-07-16 20:29:16,14,69,0.5,17,0.99,1,1.0,20,2,7
195,174,2025-09-24 00:29:16,10,15,0.67,84,0.75,1,0.5,0,2,9
94,175,2025-08-31 04:29:16,15,90,0.69,58,0.84,5,0.5,4,6,8
175,176,2025-07-12 17:29:16,8,37,0.56,97,0.04,1,0.5,17,5,7
285,177,2025-07-23 09:29:16,0,25,0.57,54,0.86,1,0.0,9,2,7
124,178,2025-07-26 22:29:16,13,73,0.82,94,0.75,3,0.0,22,5,7
354,179,2025-07-06 17:29:16,15,57,0.44,22,0.77,5,0.5,17,6,7
230,180,2025-09-16 06:29:16,0,78,0.61,73,0.38,5,0.0,6,1,9
208,181,2025-08-18 18:29:16,7,82,0.54,72,0.13,3,1.0,18,0,8
189,182,2025-07-18 23:29:16,15,49,0.52,76,0.21,1,0.5,23,4,7
218,183,2025-08-16 04:29:16,17,117,0.36,31,0.05,2,1.0,4,5,8
233,184,2025-08-19 07:29:16,8,38,0.56,53,0.77,3,0.0,7,1,8
62,185,2025-08-18 12:29:16,6,54,0.39,11,0.82,4,1.0,12,0,8
275,186,2025-09-03 09:29:16,5,9,0.74,93,0.88,1,1.0,9,2,9
248,187,2025-07-13 23:29:16,8,21,0.39,46,0.42,5,1.0,23,6,7
145,188,2025-09-03 06:29:16,3,89,0.42,13,0.7,3,0.0,6,2,9
185,189,2025-08-20 15:29:16,5,107,0.55,37,0.62,2,1.0,15,2,8
274,190,2025-08-23 14:29:16,4,42,0.49,49,0.59,3,0.0,14,5,8
284,191,2025-06-30 11:29:16,9,55,0.62,62,0.73,1,1.0,11,0,6
445,192,2025-09-14 15:29:16,15,42,0.78,96,0.78,4,1.0,15,6,9
146,193,2025-07-28 01:29:16,15,34,0.52,50,0.7,5,0.5,1,0,7
95,194,2025-08-26 00:29:16,1,8,0.34,9,0.93,2,0.0,0,1,8
421,195,2025-08-07 00:29:16,2,21,0.59,83,0.46,2,0.0,0,3,8
296,196,2025-09-08 11:29:16,1,10,0.38,52,0.35,3,1.0,11,0,9
486,197,2025-09-17 08:29:16,9,47,0.47,74,0.08,1,0.0,8,2,9
286,198,2025-07-11 20:29:16,13,27,0.49,54,0.58,3,1.0,20,4,7
116,199,2025-08-10 01:29:16,16,20,0.12,7,0.18,4,0.5,1,6,8
153,200,2025-08-04 06:29:16,18,60,0.49,24,0.9,3,1.0,6,0,8
318,201,2025-07-10 16:29:16,1,31,0.8,92,0.97,5,0.0,16,3,7
486,202,2025-07-09 09:29:16,6,55,0.43,18,0.82,2,0.5,9,2,7
339,203,2025-09-07 08:29:16,2,96,0.42,41,0.18,5,0.0,8,6,9
283,204,2025-09-07 15:29:16,2,74,0.28,0,0.53,4,0.5,15,6,9
231,205,2025-07-29 06:29:16,19,94,0.49,45,0.36,2,0.0,6,1,7
119,206,2025-06-29 06:29:16,9,49,0.22,26,0.04,1,1.0,6,6,6
441,207,2025-09-17 18:29:16,14,51,0.53,85,0.08,3,0.0,18,2,9
474,208,2025-07-08 21:29:16,8,67,0.36,47,0.06,2,1.0,21,1,7
412,209,2025-08-04 12:29:16,6,40,0.09,0,0.08,3,1.0,12,0,8
116,210,2025-08-24 11:29:16,4,56,0.65,78,0.54,2,0.0,11,6,8
31,211,2025-08-18 20:29:16,5,32,0.64,86,0.53,2,1.0,20,0,8
423,212,2025-08-22 01:29:16,18,113,0.33,25,0.04,3,0.0,1,4,8
240,213,2025-06-30 03:29:16,9,11,0.3,2,0.9,3,0.5,3,0,6
257,214,2025-07-26 01:29:16,17,115,0.41,17,0.45,3,0.0,1,5,7
307,215,2025-08-02 16:29:16,1,119,0.3,14,0.1,5,0.5,16,5,8
310,216,2025-09-24 13:29:16,8,32,0.59,73,0.56,1,0.0,13,2,9
493,217,2025-07-14 15:29:16,18,107,0.7,85,0.33,4,1.0,15,0,7
421,218,2025-07-16 14:29:16,8,29,0.23,16,0.34,1,0.0,14,2,7
241,219,2025-07-06 01:29:16,16,72,0.4,9,0.79,5,0.5,1,6,7
93,220,2025-08-02 19:29:16,18,22,0.69,99,0.54,2,0.5,19,5,8
497,221,2025-07-29 04:29:16,2,115,0.4,7,0.59,4,0.5,4,1,7
171,222,2025-07-04 12:29:16,10,87,0.43,41,0.28,4,0.0,12,4,7
169,223,2025-07-01 00:29:16,13,30,0.54,63,0.57,3,0.5,0,1,7
340,224,2025-07-19 14:29:16,12,113,0.72,69,0.61,1,0.5,14,5,7
46,225,2025-08-26 05:29:16,10,57,0.27,21,0.23,4,0.0,5,1,8
497,226,2025-07-24 15:29:16,12,98,0.56,74,0.09,1,1.0,15,3,7
446,227,2025-07-30 02:29:16,17,7,0.28,30,0.41,4,0.0,2,2,7
97,228,2025-08-11 20:29:16,16,28,0.79,94,0.9,4,0.5,20,0,8
321,229,2025-09-21 09:29:16,14,96,0.79,74,0.87,1,0.5,9,6,9
282,230,2025-08-22 01:29:16,4,98,0.66,50,0.82,2,1.0,1,4,8
249,231,2025-09-23 19:29:16,3,83,0.68,74,0.57,3,1.0,19,1,9
410,232,2025-06-29 10:29:16,7,49,0.36,43,0.21,2,0.5,10,6,6
283,233,2025-07-19 02:29:16,0,72,0.27,18,0.2,4,0.0,2,5,7
116,234,2025-07-30 12:29:16,3,117,0.28,11,0.11,2,1.0,12,2,7
427,235,2025-07-25 17:29:16,4,18,0.37,63,0.09,3,0.5,17,4,7
261,236,2025-08-05 00:29:16,8,104,0.71,76,0.53,1,0.5,0,1,8
125,237,2025-07-19 11:29:16,14,10,0.4,49,0.45,5,0.5,11,5,7
98,238,2025-07-23 16:29:16,19,27,0.39,9,0.99,5,0.0,16,2,7
443,239,2025-08-23 02:29:16,2,44,0.11,1,0.09,5,0.5,2,5,8
479,240,2025-08-24 15:29:16,16,77,0.24,16,0.12,3,0.5,15,6,8
372,241,2025-07-13 21:29:16,9,98,0.91,94,0.93,4,1.0,21,6,7
251,242,2025-07-31 22:29:16,4,112,0.47,49,0.12,3,0.5,22,3,7
177,243,2025-07-18 22:29:16,10,13,0.24,33,0.18,3,0.5,22,4,7
234,244,2025-09-02 17:29:16,10,5,0.42,39,0.72,4,0.0,17,1,9
293,245,2025-08-29 02:29:16,12,68,0.62,92,0.14,1,0.0,2,4,8
163,246,2025-06-29 03:29:16,15,105,0.48,13,0.8,3,0.5,3,6,6
340,247,2025-07-26 14:29:16,4,89,0.57,36,0.81,3,0.0,14,5,7
258,248,2025-08-16 12:29:16,18,82,0.53,25,0.91,1,0.5,12,5,8
52,249,2025-07-31 15:29:16,16,113,0.51,41,0.39,3,1.0,15,3,7
74,250,2025-07-06 11:29:16,13,42,0.77,96,0.75,1,0.0,11,6,7
241,251,2025-08-14 20:29:16,8,29,0.4,16,0.9,2,1.0,20,3,8
204,252,2025-08-15 18:29:16,2,82,0.67,52,0.91,3,1.0,18,4,8
195,253,2025-07-08 17:29:16,10,43,0.45,50,0.43,3,0.5,17,1,7
447,254,2025-09-22 20:29:16,17,11,0.37,50,0.33,4,0.0,20,0,9
121,255,2025-08-28 16:29:16,9,19,0.32,28,0.5,3,0.0,16,3,8
223,256,2025-07-07 17:29:16,3,40,0.25,28,0.15,1,0.0,17,0,7
228,257,2025-07-01 06:29:16,5,105,0.53,26,0.74,4,0.0,6,1,7
24,258,2025-09-20 06:29:16,10,90,0.7,65,0.76,3,0.5,6,5,9
192,259,2025-09-09 08:29:16,13,78,0.64,96,0.1,5,1.0,8,1,9
211,260,2025-07-02 10:29:16,18,35,0.54,46,0.85,4,0.0,10,2,7
90,261,2025-07-11 03:29:16,2,60,0.41,14,0.8,5,1.0,3,4,7
350,262,2025-07-25 21:29:16,7,33,0.41,46,0.41,5,0.0,21,4,7
119,263,2025-07-08 07:29:16,14,6,0.33,26,0.64,3,0.5,7,1,7
131,264,2025-07-30 06:29:16,0,40,0.46,35,0.72,3,1.0,6,2,7
280,265,2025-09-18 01:29:16,5,73,0.27,19,0.18,2,0.5,1,3,9
301,266,2025-07-08 02:29:16,9,108,0.43,37,0.23,2,1.0,2,1,7
129,267,2025-08-20 09:29:16,14,50,0.41,11,0.91,2,0.5,9,2,8
437,268,2025-09-14 08:29:16,15,93,0.64,96,0.02,4,0.5,8,6,9
293,269,2025-07-16 06:29:16,11,47,0.48,75,0.1,4,1.0,6,2,7
152,270,2025-07-05 03:29:16,0,9,0.41,36,0.71,2,0.5,3,5,7
5,271,2025-07-01 16:29:16,18,117,0.76,91,0.37,1,0.0,16,1,7
467,272,2025-07-26 06:29:16,19,55,0.26,28,0.1,1,0.0,6,5,7
311,273,2025-08-29 19:29:16,11,90,0.34,10,0.45,5,0.0,19,4,8
318,274,2025-07-02 16:29:16,8,25,0.74,89,0.84,1,1.0,16,2,7
349,275,2025-07-09 12:29:16,4,5,0.41,62,0.31,3,1.0,12,2,7
331,276,2025-08-19 01:29:16,1,44,0.26,14,0.4,1,0.0,1,1,8
297,277,2025-09-11 13:29:16,11,57,0.2,8,0.21,1,0.5,13,3,9
168,278,2025-09-05 09:29:16,13,30,0.28,40,0.11,4,0.0,9,4,9
403,279,2025-08-11 23:29:16,17,29,0.77,89,0.92,2,1.0,23,0,8
468,280,2025-09-06 07:29:16,8,11,0.57,81,0.48,3,0.5,7,5,9
496,281,2025-08-15 12:29:16,9,21,0.25,42,0.03,3,0.5,12,4,8
494,282,2025-09-09 08:29:16,2,55,0.41,53,0.18,4,1.0,8,1,9
371,283,2025-07-18 04:29:16,12,74,0.65,87,0.31,5,0.0,4,4,7
405,284,2025-09-26 07:29:16,12,67,0.28,21,0.22,2,1.0,7,4,9
64,285,2025-08-10 18:29:16,14,89,0.44,48,0.18,4,1.0,18,6,8
345,286,2025-07-15 03:29:16,8,109,0.59,48,0.56,4,1.0,3,1,7
482,287,2025-09-13 18:29:16,11,67,0.47,60,0.18,1,0.0,18,5,9
242,288,2025-07-09 22:29:16,0,100,0.35,12,0.4,3,0.5,22,2,7
469,289,2025-08-29 19:29:16,19,60,0.61,82,0.35,5,0.0,19,4,8
326,290,2025-06-30 06:29:16,14,53,0.42,44,0.38,3,1.0,6,0,6
210,291,2025-09-10 14:29:16,3,22,0.27,0,0.78,2,0.0,14,2,9
156,292,2025-09-13 12:29:16,15,70,0.72,91,0.48,3,0.0,12,5,9
455,293,2025-09-10 03:29:16,17,67,0.18,3,0.18,5,0.5,3,2,9
190,294,2025-08-04 21:29:16,17,59,0.22,2,0.37,2,1.0,21,0,8
373,295,2025-08-04 19:29:16,4,87,0.43,33,0.41,4,0.0,19,0,8
427,296,2025-07-11 02:29:16,15,36,0.57,49,0.87,1,0.5,2,4,7
17,297,2025-08-31 01:29:16,11,61,0.5,66,0.23,3,0.5,1,6,8
487,298,2025-08-12 12:29:16,7,76,0.49,53,0.34,5,1.0,12,1,8
189,299,2025-07-07 04:29:16,17,71,0.56,50,0.65,2,0.0,4,0,7
204,300,2025-09-03 12:29:16,8,39,0.84,95,0.99,3,0.5,12,2,9
47,301,2025-07-06 19:29:16,6,20,0.65,67,0.94,5,1.0,19,6,7
498,302,2025-09-21 05:29:16,0,18,0.6,94,0.32,2,0.0,5,6,9
65,303,2025-09-01 13:29:16,18,11,0.41,73,0.09,5,1.0,13,0,9
107,304,2025-08-31 08:29:16,18,23,0.3,18,0.58,4,0.5,8,6,8
397,305,2025-07-13 15:29:16,4,86,0.42,1,0.91,5,0.5,15,6,7
440,306,2025-09-10 22:29:16,4,24,0.17,10,0.26,2,0.5,22,2,9
409,307,2025-09-12 18:29:16,5,71,0.56,86,0.03,4,0.0,18,4,9
68,308,2025-08-13 08:29:16,0,9,0.32,36,0.41,1,1.0,8,2,8
166,309,2025-09-05 07:29:16,0,102,0.52,52,0.29,4,0.0,7,4,9
65,310,2025-07-22 12:29:16,13,90,0.3,23,0.11,3,1.0,12,1,7
33,311,2025-08-01 04:29:16,15,114,0.86,86,0.8,1,1.0,4,4,8
304,312,2025-07-31 23:29:16,3,118,0.68,80,0.27,2,0.0,23,3,7
485,313,2025-09-21 16:29:16,19,113,0.39,24,0.26,3,1.0,16,6,9
267,314,2025-07-30 19:29:16,9,114,0.24,3,0.13,5,0.0,19,2,7
32,315,2025-08-07 02:29:16,15,113,0.75,97,0.27,3,1.0,2,3,8
56,316,2025-08-02 13:29:16,15,74,0.37,17,0.53,2,0.0,13,5,8
165,317,2025-09-09 13:29:16,19,104,0.45,40,0.27,1,0.0,13,1,9
141,318,2025-07-07 21:29:16,19,41,0.34,24,0.5,4,1.0,21,0,7
365,319,2025-08-09 20:29:16,10,91,0.62,85,0.14,1,1.0,20,5,8
151,320,2025-07-24 20:29:16,14,35,0.3,5,0.73,2,0.5,20,3,7
51,321,2025-07-05 19:29:16,3,16,0.34,52,0.18,5,1.0,19,5,7
370,322,2025-08-03 01:29:16,6,21,0.28,25,0.4,2,0.0,1,6,8
212,323,2025-07-31 03:29:16,10,50,0.5,63,0.35,3,0.5,3,3,7
374,324,2025-08-18 02:29:16,3,69,0.39,50,0.09,3,0.5,2,0,8
341,325,2025-08-11 11:29:16,8,30,0.31,28,0.39,3,1.0,11,0,8
473,326,2025-09-19 13:29:16,15,40,0.45,58,0.3,3,0.0,13,4,9
48,327,2025-09-14 16:29:16,13,58,0.7,97,0.4,5,1.0,16,6,9
191,328,2025-07-18 14:29:16,4,60,0.34,32,0.27,4,1.0,14,4,7
490,329,2025-07-18 05:29:16,17,87,0.89,98,0.84,1,1.0,5,4,7
63,330,2025-08-12 18:29:16,13,66,0.78,97,0.62,2,0.5,18,1,8
445,331,2025-08-21 20:29:16,1,77,0.59,72,0.35,1,0.5,20,3,8
181,332,2025-07-15 23:29:16,3,93,0.66,60,0.69,2,0.0,23,1,7
80,333,2025-08-30 12:29:16,15,29,0.26,38,0.08,2,0.5,12,5,8
433,334,2025-08-11 12:29:16,17,105,0.68,43,0.97,2,0.5,12,0,8
294,335,2025-08-03 22:29:16,7,16,0.21,18,0.31,3,1.0,22,6,8
315,336,2025-09-23 20:29:16,17,53,0.63,60,0.79,1,1.0,20,1,9
425,337,2025-09-24 10:29:16,8,59,0.36,46,0.09,3,0.5,10,2,9
360,338,2025-08-15 04:29:16,9,12,0.73,94,0.81,5,0.0,4,4,8
93,339,2025-07-16 18:29:16,4,84,0.78,69,0.98,2,0.5,18,2,7
36,340,2025-07-08 15:29:16,4,93,0.28,11,0.22,2,0.0,15,1,7
383,341,2025-08-31 03:29:16,16,109,0.32,25,0.04,2,0.5,3,6,8
233,342,2025-09-07 04:29:16,10,20,0.68,70,1.0,2,0.5,4,6,9
370,343,2025-07-16 20:29:16,10,89,0.85,85,0.92,5,0.0,20,2,7
453,344,2025-09-08 10:29:16,1,11,0.12,8,0.19,2,1.0,10,0,9
26,345,2025-08-24 01:29:16,2,63,0.77,86,0.8,4,1.0,1,6,8
218,346,2025-07-12 01:29:16,15,43,0.66,98,0.32,2,0.5,1,5,7
140,347,2025-07-24 12:29:16,6,107,0.45,16,0.65,3,0.5,12,3,7
221,348,2025-08-21 18:29:16,3,112,0.63,59,0.48,3,1.0,18,3,8
304,349,2025-07-21 18:29:16,15,41,0.38,42,0.34,4,0.5,18,0,7
24,350,2025-08-07 20:29:16,7,43,0.38,14,0.8,4,0.0,20,3,8
4,351,2025-08-20 09:29:16,6,97,0.68,85,0.32,2,0.0,9,2,8
392,352,2025-08-21 05:29:16,8,37,0.27,15,0.43,4,0.0,5,3,8
4,353,2025-08-03 10:29:16,15,70,0.52,54,0.46,2,0.0,10,6,8
195,354,2025-06-29 08:29:16,17,34,0.28,12,0.53,3,1.0,8,6,6
287,355,2025-09-18 03:29:16,11,43,0.4,45,0.35,1,1.0,3,3,9
22,356,2025-09-25 01:29:16,13,97,0.61,61,0.48,1,0.0,1,3,9
442,357,2025-07-16 02:29:16,10,20,0.39,55,0.27,1,1.0,2,2,7
208,358,2025-08-21 12:29:16,13,14,0.29,29,0.42,4,0.5,12,3,8
11,359,2025-09-05 20:29:16,10,9,0.41,64,0.24,3,0.5,20,4,9
426,360,2025-09-16 02:29:16,11,49,0.24,13,0.3,2,0.0,2,1,9
125,361,2025-07-14 03:29:16,13,72,0.27,17,0.23,1,1.0,3,0,7
41,362,2025-08-18 16:29:16,12,52,0.68,64,0.91,1,0.5,16,0,8
114,363,2025-09-06 13:29:16,10,19,0.39,48,0.39,4,1.0,13,5,9
325,364,2025-07-21 23:29:16,3,16,0.6,58,0.95,5,0.0,23,0,7
464,365,2025-08-13 16:29:16,11,105,0.56,42,0.59,3,1.0,16,2,8
418,366,2025-08-28 12:29:16,4,66,0.79,76,0.99,4,0.0,12,3,8
132,367,2025-09-04 20:29:16,6,8,0.42,58,0.4,5,0.0,20,3,9
390,368,2025-09-04 19:29:16,2,67,0.56,53,0.61,5,0.5,19,3,9
238,369,2025-07-15 01:29:16,18,114,0.57,73,0.05,1,1.0,1,1,7
474,370,2025-07-06 19:29:16,18,94,0.41,40,0.19,3,1.0,19,6,7
166,371,2025-09-08 01:29:16,10,10,0.05,4,0.06,1,0.0,1,0,9
241,372,2025-07-09 06:29:16,14,13,0.69,98,0.6,1,0.5,6,2,7
303,373,2025-08-12 23:29:16,1,65,0.51,34,0.76,1,0.0,23,1,8
159,374,2025-08-01 14:29:16,14,92,0.41,2,0.82,5,0.0,14,4,8
189,375,2025-09-17 19:29:16,9,115,0.81,88,0.59,5,0.0,19,2,9
315,376,2025-07-25 03:29:16,19,102,0.48,10,0.88,3,0.5,3,4,7
298,377,2025-09-22 01:29:16,17,96,0.57,28,0.89,1,1.0,1,0,9
334,378,2025-08-16 20:29:16,6,102,0.56,75,0.04,1,0.5,20,5,8
257,379,2025-09-20 01:29:16,4,9,0.09,10,0.09,4,0.0,1,5,9
416,380,2025-09-16 23:29:16,10,83,0.4,37,0.26,5,1.0,23,1,9
89,381,2025-08-26 17:29:16,1,52,0.69,89,0.53,5,0.5,17,1,8
225,382,2025-07-22 20:29:16,16,64,0.55,47,0.68,5,0.0,20,1,7
187,383,2025-08-22 03:29:16,11,81,0.55,80,0.06,5,0.5,3,4,8
397,384,2025-07-02 20:29:16,10,100,0.65,61,0.59,2,0.0,20,2,7
405,385,2025-09-19 05:29:16,10,71,0.59,55,0.66,3,0.0,5,4,9
286,386,2025-08-22 07:29:16,12,81,0.56,32,0.88,3,1.0,7,4,8
437,387,2025-09-08 05:29:16,19,84,0.41,39,0.25,3,0.0,5,0,9
299,388,2025-08-14 06:29:16,4,63,0.55,47,0.71,3,1.0,6,3,8
358,389,2025-09-10 20:29:16,12,49,0.8,88,0.93,4,1.0,20,2,9
481,390,2025-08-18 22:29:16,2,67,0.47,26,0.75,5,0.5,22,0,8
330,391,2025-09-10 18:29:16,10,111,0.67,44,0.87,3,1.0,18,2,9
425,392,2025-09-15 19:29:16,16,35,0.17,22,0.01,3,1.0,19,0,9
217,393,2025-08-12 15:29:16,16,57,0.51,29,0.91,2,0.5,15,1,8
159,394,2025-08-31 05:29:16,5,104,0.43,1,0.83,5,0.5,5,6,8
99,395,2025-09-10 11:29:16,7,16,0.27,38,0.19,5,0.0,11,2,9
152,396,2025-07-24 22:29:16,3,50,0.51,26,0.98,1,1.0,22,3,7
453,397,2025-09-22 18:29:16,16,108,0.76,94,0.38,5,0.5,18,0,9
449,398,2025-09-10 20:29:16,19,39,0.49,69,0.28,2,0.5,20,2,9
79,399,2025-09-03 17:29:16,5,109,0.91,95,0.84,4,1.0,17,2,9
415,400,2025-08-02 14:29:16,5,64,0.78,78,0.93,5,0.5,14,5,8
187,401,2025-08-01 20:29:16,7,26,0.43,67,0.17,4,0.5,20,4,8
386,402,2025-08-28 22:29:16,14,118,0.62,67,0.3,1,0.0,22,3,8
159,403,2025-09-03 04:29:16,15,16,0.34,21,0.71,1,1.0,4,2,9
485,404,2025-08-02 01:29:16,18,26,0.51,89,0.07,2,0.5,1,5,8
399,405,2025-07-24 23:29:16,12,54,0.45,13,0.97,5,0.5,23,3,7
495,406,2025-09-01 20:29:16,5,80,0.5,35,0.65,4,0.0,20,0,9
447,407,2025-09-20 19:29:16,8,80,0.18,6,0.07,1,0.5,19,5,9
448,408,2025-07-19 12:29:16,11,10,0.65,78,0.82,3,1.0,12,5,7
434,409,2025-09-12 06:29:16,16,62,0.67,86,0.45,2,0.0,6,4,9
391,410,2025-08-24 01:29:16,5,33,0.2,3,0.43,5,1.0,1,6,8
76,411,2025-09-16 08:29:16,13,109,0.53,38,0.53,5,0.5,8,1,9
453,412,2025-09-24 02:29:16,11,33,0.49,74,0.22,2,0.0,2,2,9
203,413,2025-08-11 08:29:16,16,51,0.54,77,0.23,3,0.5,8,0,8
42,414,2025-08-30 15:29:16,11,31,0.67,66,0.95,4,0.5,15,5,8
477,415,2025-07-06 05:29:16,3,60,0.77,91,0.73,5,0.0,5,6,7
71,416,2025-08-22 00:29:16,1,63,0.64,83,0.4,1,1.0,0,4,8
426,417,2025-06-29 00:29:16,4,73,0.22,2,0.31,2,0.5,0,6,6
316,418,2025-09-17 15:29:16,0,42,0.36,14,0.75,3,0.5,15,2,9
111,419,2025-07-18 16:29:16,4,68,0.45,24,0.71,2,1.0,16,4,7
271,420,2025-09-13 06:29:16,13,19,0.59,79,0.54,4,0.0,6,5,9
155,421,2025-09-21 08:29:16,3,50,0.78,88,0.87,5,0.5,8,6,9
328,422,2025-07-31 13:29:16,19,12,0.55,78,0.45,2,0.0,13,3,7
429,423,2025-07-12 22:29:16,15,75,0.38,2,0.8,4,0.0,22,5,7
324,424,2025-07-16 08:29:16,16,57,0.49,23,0.92,3,1.0,8,2,7
74,425,2025-08-04 15:29:16,9,24,0.4,45,0.46,1,1.0,15,0,8
181,426,2025-07-16 02:29:16,7,112,0.73,83,0.43,1,0.0,2,2,7
341,427,2025-07-22 04:29:16,2,64,0.61,62,0.65,5,0.0,4,1,7
489,428,2025-07-19 23:29:16,16,6,0.57,87,0.43,5,1.0,23,5,7
284,429,2025-08-09 00:29:16,0,85,0.63,71,0.46,2,0.0,0,5,8
326,430,2025-08-11 07:29:16,12,114,0.88,94,0.72,3,1.0,7,0,8
9,431,2025-09-19 04:29:16,11,49,0.78,88,0.86,1,0.0,4,4,9
376,432,2025-07-14 16:29:16,3,12,0.21,10,0.48,1,0.5,16,0,7
69,433,2025-08-12 22:29:16,1,21,0.71,75,0.99,4,0.5,22,1,8
417,434,2025-07-02 01:29:16,5,24,0.37,32,0.56,2,1.0,1,2,7
246,435,2025-09-10 13:29:16,5,101,0.33,1,0.53,1,1.0,13,2,9
398,436,2025-09-23 06:29:16,14,81,0.29,29,0.03,4,0.0,6,1,9
23,437,2025-09-22 05:29:16,6,30,0.25,21,0.32,2,0.5,5,0,9
264,438,2025-07-20 00:29:16,12,50,0.21,14,0.2,4,0.5,0,6,7
19,439,2025-08-22 04:29:16,6,53,0.49,74,0.12,3,0.0,4,4,8
444,440,2025-08-24 12:29:16,10,10,0.34,8,0.94,1,0.5,12,6,8
224,441,2025-08-02 03:29:16,12,118,0.83,75,0.87,2,0.5,3,5,8
499,442,2025-07-25 17:29:16,5,96,0.7,61,0.78,3,0.5,17,4,7
189,443,2025-08-24 13:29:16,16,11,0.66,74,0.89,4,1.0,13,6,8
218,444,2025-08-02 20:29:16,2,10,0.54,57,0.78,3,0.0,20,5,8
280,445,2025-08-17 12:29:16,9,45,0.59,59,0.73,3,0.0,12,6,8
168,446,2025-08-19 01:29:16,9,86,0.27,11,0.25,5,1.0,1,1,8
368,447,2025-09-05 17:29:16,13,29,0.45,44,0.62,3,0.5,17,4,9
180,448,2025-09-21 16:29:16,14,59,0.82,99,0.74,5,0.5,16,6,9
315,449,2025-08-22 19:29:16,13,57,0.38,54,0.04,4,0.0,19,4,8
39,450,2025-08-11 23:29:16,12,86,0.7,69,0.72,5,1.0,23,0,8
348,451,2025-09-24 11:29:16,5,100,0.73,55,0.97,3,1.0,11,2,9
348,452,2025-09-23 11:29:16,14,32,0.54,73,0.4,5,0.0,11,1,9
121,453,2025-08-12 03:29:16,11,97,0.44,53,0.03,1,1.0,3,1,8
17,454,2025-09-07 18:29:16,19,11,0.44,75,0.17,5,0.5,18,6,9
486,455,2025-08-11 01:29:16,11,35,0.57,57,0.74,4,0.0,1,0,8
294,456,2025-07-22 04:29:16,4,41,0.31,3,0.74,4,0.5,4,1,7
161,457,2025-08-27 12:29:16,8,64,0.38,23,0.54,3,0.0,12,2,8
377,458,2025-07-25 23:29:16,5,100,0.35,35,0.03,2,0.5,23,4,7
468,459,2025-09-12 07:29:16,17,104,0.68,65,0.6,4,0.5,7,4,9
361,460,2025-08-30 20:29:16,14,10,0.29,38,0.28,3,0.5,20,5,8
356,461,2025-09-02 12:29:16,15,62,0.27,11,0.38,2,0.0,12,1,9
437,462,2025-08-01 10:29:16,2,44,0.39,20,0.73,3,1.0,10,4,8
228,463,2025-07-02 05:29:16,2,30,0.21,7,0.41,2,1.0,5,2,7
178,464,2025-07-18 22:29:16,2,48,0.44,13,0.97,5,0.5,22,4,7
457,465,2025-09-06 17:29:16,9,73,0.45,37,0.49,4,1.0,17,5,9
475,466,2025-08-11 23:29:16,5,115,0.41,13,0.51,1,0.0,23,0,8
63,467,2025-09-10 08:29:16,6,88,0.18,1,0.1,1,0.5,8,2,9
14,468,2025-07-18 21:29:16,11,93,0.37,27,0.26,5,0.5,21,4,7
240,469,2025-09-10 20:29:16,17,9,0.57,64,0.77,4,0.0,20,2,9
34,470,2025-08-07 17:29:16,9,49,0.33,22,0.45,3,1.0,17,3,8
246,471,2025-08-06 02:29:16,16,14,0.49,66,0.44,2,1.0,2,2,8
38,472,2025-08-17 19:29:16,4,97,0.41,9,0.67,1,0.0,19,6,8
231,473,2025-07-01 23:29:16,14,5,0.1,4,0.25,3,0.5,23,1,7
66,474,2025-07-07 21:29:16,17,80,0.21,0,0.25,4,0.0,21,0,7
394,475,2025-08-02 23:29:16,4,32,0.34,36,0.36,4,0.0,23,5,8
426,476,2025-07-23 11:29:16,3,41,0.56,48,0.84,4,0.5,11,2,7
85,477,2025-08-16 17:29:16,5,60,0.49,27,0.86,4,0.0,17,5,8
178,478,2025-08-22 13:29:16,16,65,0.28,19,0.27,2,0.5,13,4,8
101,479,2025-08-23 11:29:16,17,77,0.59,36,0.94,5,1.0,11,5,8
156,480,2025-07-21 13:29:16,19,5,0.31,34,0.45,5,1.0,13,0,7
329,481,2025-07-13 21:29:16,5,63,0.47,68,0.1,3,0.0,21,6,7
88,482,2025-07-12 05:29:16,19,82,0.24,11,0.15,5,1.0,5,5,7
22,483,2025-09-17 14:29:16,0,118,0.84,87,0.69,2,1.0,14,2,9
395,484,2025-08-24 19:29:16,18,93,0.69,49,0.97,3,0.0,19,6,8
393,485,2025-08-04 20:29:16,18,54,0.4,22,0.67,4,1.0,20,0,8
16,486,2025-07-08 22:29:16,15,27,0.31,44,0.14,2,0.5,22,1,7
329,487,2025-07-28 08:29:16,9,110,0.51,7,0.97,1,1.0,8,0,7
208,488,2025-07-31 13:29:16,9,12,0.29,28,0.44,5,1.0,13,3,7
31,489,2025-08-02 02:29:16,5,115,0.69,85,0.26,1,0.5,2,5,8
238,490,2025-08-14 20:29:16,6,59,0.65,89,0.37,2,0.0,20,3,8
161,491,2025-08-14 03:29:16,10,86,0.47,16,0.83,1,0.0,3,3,8
390,492,2025-07-23 22:29:16,11,80,0.86,90,0.93,4,0.0,22,2,7
164,493,2025-07-30 12:29:16,7,37,0.13,0,0.22,5,0.5,12,2,7
231,494,2025-09-09 12:29:16,7,52,0.6,68,0.58,4,0.0,12,1,9
149,495,2025-07-11 02:29:16,12,70,0.45,63,0.05,1,0.0,2,4,7
493,496,2025-08-16 21:29:16,5,37,0.56,40,0.99,5,1.0,21,5,8
161,497,2025-09-07 00:29:16,6,77,0.6,76,0.29,3,1.0,0,6,9
240,498,2025-08-19 00:29:16,15,72,0.72,97,0.4,4,0.0,0,1,8
47,499,2025-07-25 01:29:16,12,106,0.51,18,0.81,2,0.0,1,4,7
111,500,2025-08-13 14:29:16,18,17,0.27,22,0.44,3,0.0,14,2,8
145,501,2025-07-12 19:29:16,15,5,0.53,87,0.3,1,1.0,19,5,7
241,502,2025-07-21 15:29:16,9,89,0.41,14,0.63,2,0.0,15,0,7
221,503,2025-08-24 16:29:16,4,75,0.41,14,0.7,4,0.5,16,6,8
392,504,2025-08-12 14:29:16,12,97,0.78,88,0.6,1,0.5,14,1,8
27,505,2025-07-18 09:29:16,18,39,0.28,43,0.01,3,0.5,9,4,7
284,506,2025-09-18 03:29:16,9,103,0.73,71,0.67,2,1.0,3,3,9
231,507,2025-08-22 20:29:16,17,70,0.49,45,0.5,5,1.0,20,4,8
313,508,2025-09-11 12:29:16,3,30,0.56,71,0.52,4,0.5,12,3,9
192,509,2025-07-18 04:29:16,10,97,0.32,25,0.11,5,0.0,4,4,7
102,510,2025-07-24 03:29:16,19,102,0.58,47,0.58,4,1.0,3,3,7
21,511,2025-09-23 11:29:16,1,104,0.36,14,0.39,2,1.0,11,1,9
171,512,2025-07-23 01:29:16,15,112,0.4,42,0.02,3,0.0,1,2,7
311,513,2025-09-10 05:29:16,16,84,0.39,46,0.07,1,1.0,5,2,9
164,514,2025-08-07 20:29:16,5,40,0.55,74,0.38,4,1.0,20,3,8
432,515,2025-07-14 05:29:16,9,25,0.21,12,0.35,2,1.0,5,0,7
425,516,2025-07-21 00:29:16,16,82,0.55,67,0.26,4,1.0,0,0,7
289,517,2025-07-29 15:29:16,9,114,0.6,26,0.93,4,0.5,15,1,7
170,518,2025-08-04 21:29:16,3,39,0.19,7,0.31,4,0.5,21,0,8
408,519,2025-07-13 00:29:16,0,34,0.26,17,0.4,5,0.5,0,6,7
496,520,2025-07-16 08:29:16,18,8,0.49,89,0.12,3,1.0,8,2,7
27,521,2025-07-28 10:29:16,18,11,0.75,94,0.86,5,1.0,10,0,7
323,522,2025-08-10 11:29:16,19,35,0.5,70,0.3,1,1.0,11,6,8
125,523,2025-07-15 17:29:16,1,46,0.45,60,0.26,4,0.0,17,1,7
98,524,2025-08-02 05:29:16,0,88,0.51,67,0.09,1,0.5,5,5,8
78,525,2025-07-01 09:29:16,13,48,0.49,44,0.63,3,0.5,9,1,7
257,526,2025-07-28 16:29:16,19,17,0.38,21,0.82,4,1.0,16,0,7
32,527,2025-07-23 09:29:16,4,13,0.21,25,0.21,2,1.0,9,2,7
167,528,2025-07-22 03:29:16,15,92,0.63,41,0.9,1,0.5,3,1,7
490,529,2025-07-30 22:29:16,5,30,0.73,90,0.78,2,0.5,22,2,7
280,530,2025-07-02 16:29:16,11,28,0.39,18,0.85,2,1.0,16,2,7
330,531,2025-07-11 00:29:16,8,93,0.47,17,0.77,2,0.0,0,4,7
491,532,2025-08-22 22:29:16,7,101,0.62,54,0.59,1,0.5,22,4,8
116,533,2025-08-21 17:29:16,9,103,0.8,97,0.47,5,0.0,17,3,8
354,534,2025-08-18 00:29:16,15,85,0.25,21,0.02,3,0.5,0,0,8
287,535,2025-08-22 12:29:16,8,96,0.68,70,0.55,2,1.0,12,4,8
347,536,2025-08-10 03:29:16,17,77,0.7,77,0.63,1,0.5,3,6,8
489,537,2025-08-21 14:29:16,4,29,0.13,1,0.27,5,0.5,14,3,8
490,538,2025-08-14 01:29:16,2,22,0.5,66,0.44,5,1.0,1,3,8
132,539,2025-08-31 09:29:16,15,43,0.48,40,0.69,4,1.0,9,6,8
139,540,2025-06-30 07:29:16,17,50,0.35,18,0.6,2,0.0,7,0,6
56,541,2025-07-14 08:29:16,19,36,0.48,38,0.77,4,0.0,8,0,7
26,542,2025-08-29 19:29:16,16,108,0.95,100,0.89,3,0.0,19,4,8
27,543,2025-08-06 05:29:16,3,77,0.27,7,0.37,1,1.0,5,2,8
242,544,2025-07-02 11:29:16,3,107,0.65,67,0.44,4,0.0,11,2,7
494,545,2025-09-07 02:29:16,17,6,0.54,59,0.8,3,1.0,2,6,9
479,546,2025-07-27 19:29:16,15,36,0.24,20,0.27,2,0.0,19,6,7
388,547,2025-08-17 06:29:16,9,71,0.43,43,0.32,3,1.0,6,6,8
31,548,2025-07-05 21:29:16,2,90,0.51,69,0.05,4,0.0,21,5,7
274,549,2025-09-05 02:29:16,1,6,0.71,80,1.0,4,0.0,2,4,9
479,550,2025-08-08 00:29:16,1,12,0.29,21,0.56,4,0.0,0,4,8
480,551,2025-09-23 15:29:16,9,73,0.69,76,0.63,1,0.5,15,1,9
291,552,2025-09-14 05:29:16,19,59,0.62,79,0.41,1,0.5,5,6,9
233,553,2025-07-22 00:29:16,17,59,0.17,15,0.0,4,0.0,0,1,7
436,554,2025-07-30 07:29:16,16,12,0.58,83,0.47,5,0.0,7,2,7
415,555,2025-08-16 10:29:16,3,27,0.79,91,0.97,5,1.0,10,5,8
235,556,2025-09-04 15:29:16,8,88,0.72,64,0.84,5,1.0,15,3,9
173,557,2025-07-16 18:29:16,9,88,0.57,69,0.26,1,0.0,18,2,7
90,558,2025-07-08 03:29:16,19,20,0.64,75,0.78,2,0.5,3,1,7
264,559,2025-09-16 03:29:16,10,18,0.3,35,0.3,2,1.0,3,1,9
49,560,2025-09-10 00:29:16,5,113,0.63,65,0.38,2,0.5,0,2,9
480,561,2025-09-27 07:29:16,7,95,0.67,72,0.51,3,0.5,7,5,9
121,562,2025-08-24 05:29:16,14,56,0.53,61,0.45,4,0.5,5,6,8
299,563,2025-09-26 07:29:16,18,86,0.46,54,0.16,3,1.0,7,4,9
185,564,2025-09-19 18:29:16,7,19,0.63,85,0.57,4,0.0,18,4,9
239,565,2025-09-07 03:29:16,9,110,0.52,11,0.93,2,1.0,3,6,9
258,566,2025-07-01 12:29:16,9,42,0.66,81,0.63,2,1.0,12,1,7
470,567,2025-08-10 20:29:16,9,34,0.68,77,0.81,4,0.0,20,6,8
113,568,2025-07-28 11:29:16,4,18,0.49,72,0.32,3,0.5,11,0,7
383,569,2025-08-11 02:29:16,19,70,0.77,90,0.69,2,1.0,2,0,8
282,570,2025-07-20 18:29:16,15,82,0.4,19,0.57,2,0.0,18,6,7
391,571,2025-07-01 20:29:16,7,29,0.41,65,0.13,1,0.0,20,1,7
270,572,2025-07-21 17:29:16,14,40,0.68,94,0.49,5,0.5,17,0,7
40,573,2025-09-13 14:29:16,18,56,0.39,2,0.95,1,1.0,14,5,9
463,574,2025-09-01 21:29:16,16,17,0.53,97,0.07,2,1.0,21,0,9
77,575,2025-08-16 23:29:16,5,72,0.31,24,0.23,5,0.5,23,5,8
60,576,2025-07-15 00:29:16,6,64,0.45,11,0.97,4,0.0,0,1,7
461,577,2025-08-01 14:29:16,16,17,0.33,30,0.51,2,0.5,14,4,8
68,578,2025-08-05 01:29:16,16,97,0.71,59,0.85,5,1.0,1,1,8
30,579,2025-07-29 18:29:16,17,47,0.28,1,0.65,3,0.5,18,1,7
371,580,2025-08-08 07:29:16,0,35,0.31,4,0.78,2,0.0,7,4,8
382,581,2025-07-15 13:29:16,6,93,0.3,1,0.48,2,0.0,13,1,7
217,582,2025-06-30 13:29:16,11,35,0.42,55,0.3,3,1.0,13,0,6
31,583,2025-07-29 14:29:16,2,13,0.53,98,0.07,4,0.5,14,1,7
210,584,2025-09-09 19:29:16,5,66,0.35,6,0.69,4,1.0,19,1,9
331,585,2025-08-11 03:29:16,13,101,0.37,3,0.63,1,0.5,3,0,8
446,586,2025-08-10 13:29:16,12,105,0.48,51,0.17,4,1.0,13,6,8
494,587,2025-09-09 19:29:16,17,42,0.35,49,0.13,4,0.5,19,1,9
61,588,2025-07-21 03:29:16,5,67,0.61,61,0.65,3,1.0,3,0,7
66,589,2025-09-27 15:29:16,7,11,0.27,26,0.41,5,0.5,15,5,9
238,590,2025-08-03 22:29:16,17,90,0.17,4,0.01,2,0.5,22,6,8
422,591,2025-08-27 01:29:16,7,66,0.69,90,0.42,5,0.5,1,2,8
80,592,2025-09-02 16:29:16,8,14,0.5,86,0.14,5,0.0,16,1,9
17,593,2025-07-11 15:29:16,13,69,0.18,12,0.01,2,0.0,15,4,7
106,594,2025-09-14 20:29:16,2,113,0.67,84,0.2,5,0.0,20,6,9
229,595,2025-07-02 17:29:16,19,49,0.38,31,0.49,3,0.0,17,2,7
126,596,2025-08-07 01:29:16,1,117,0.69,59,0.65,5,0.0,1,3,8
277,597,2025-09-20 11:29:16,6,56,0.41,54,0.15,4,1.0,11,5,9
149,598,2025-07-16 05:29:16,7,38,0.39,51,0.24,2,1.0,5,2,7
307,599,2025-08-28 06:29:16,10,108,0.78,98,0.38,4,0.0,6,3,8
339,600,2025-08-30 02:29:16,16,33,0.36,37,0.39,2,0.5,2,5,8
141,601,2025-07-17 21:29:16,1,17,0.58,63,0.79,1,1.0,21,3,7
467,602,2025-07-08 18:29:16,5,45,0.32,0,0.81,5,0.5,18,1,7
285,603,2025-09-21 04:29:16,15,101,0.49,9,0.93,4,1.0,4,6,9
344,604,2025-07-22 05:29:16,12,108,0.53,20,0.83,2,1.0,5,1,7
214,605,2025-09-08 06:29:16,13,12,0.45,58,0.45,1,0.5,6,0,9
95,606,2025-07-29 08:29:16,17,83,0.24,16,0.07,5,0.0,8,1,7
154,607,2025-07-30 14:29:16,4,87,0.71,68,0.74,1,1.0,14,2,7
212,608,2025-07-17 23:29:16,13,91,0.67,100,0.05,1,0.0,23,3,7
199,609,2025-08-26 09:29:16,7,91,0.56,42,0.66,3,0.5,9,1,8
332,610,2025-08-01 04:29:16,2,28,0.54,98,0.01,5,0.0,4,4,8
275,611,2025-09-21 07:29:16,6,24,0.26,20,0.39,4,0.5,7,6,9
345,612,2025-07-12 14:29:16,19,15,0.51,51,0.77,3,0.0,14,5,7
97,613,2025-07-03 22:29:16,18,32,0.35,50,0.17,5,0.0,22,3,7
246,614,2025-08-16 06:29:16,6,9,0.73,93,0.83,2,0.0,6,5,8
109,615,2025-09-11 16:29:16,6,42,0.7,95,0.51,1,0.5,16,3,9
469,616,2025-06-29 20:29:16,7,99,0.43,7,0.77,1,1.0,20,6,6
105,617,2025-08-27 22:29:16,12,77,0.65,65,0.67,3,0.5,22,2,8
398,618,2025-08-10 01:29:16,9,53,0.45,35,0.62,1,1.0,1,6,8
333,619,2025-08-19 07:29:16,11,45,0.67,88,0.53,2,0.5,7,1,8
263,620,2025-07-30 12:29:16,15,14,0.16,20,0.13,3,1.0,12,2,7
241,621,2025-09-01 04:29:16,10,108,0.36,1,0.6,5,0.5,4,0,9
212,622,2025-07-17 08:29:16,1,36,0.69,94,0.52,4,1.0,8,3,7
75,623,2025-08-24 22:29:16,0,102,0.23,10,0.04,1,1.0,22,6,8
297,624,2025-08-21 11:29:16,13,44,0.22,17,0.22,1,0.0,11,3,8
169,625,2025-08-09 21:29:16,7,108,0.64,58,0.55,2,0.0,21,5,8
256,626,2025-07-05 18:29:16,17,93,0.34,21,0.27,4,0.5,18,5,7
132,627,2025-07-06 16:29:16,15,89,0.42,43,0.2,1,0.5,16,6,7
236,628,2025-08-13 10:29:16,5,25,0.73,98,0.67,1,0.0,10,2,8
369,629,2025-07-27 10:29:16,17,16,0.33,46,0.25,5,1.0,10,6,7
329,630,2025-07-22 14:29:16,1,25,0.3,7,0.75,4,0.0,14,1,7
484,631,2025-09-27 02:29:16,1,100,0.63,74,0.32,3,0.0,2,5,9
432,632,2025-09-18 17:29:16,7,93,0.42,21,0.54,5,0.0,17,3,9
5,633,2025-07-25 01:29:16,6,86,0.19,1,0.13,4,0.5,1,4,7
31,634,2025-07-07 18:29:16,19,31,0.36,49,0.21,3,1.0,18,0,7
468,635,2025-07-05 00:29:16,15,27,0.58,87,0.34,3,0.0,0,5,7
4,636,2025-07-19 02:29:16,17,41,0.59,60,0.74,3,0.0,2,5,7
9,637,2025-08-22 22:29:16,16,67,0.25,18,0.15,4,0.5,22,4,8
9,638,2025-06-29 18:29:16,16,115,0.54,24,0.76,2,0.5,18,6,6
413,639,2025-09-14 12:29:16,5,62,0.42,15,0.81,4,1.0,12,6,9
77,640,2025-09-02 20:29:16,7,9,0.32,2,0.99,3,1.0,20,1,9
130,641,2025-08-24 03:29:16,11,100,0.72,63,0.8,3,0.0,3,6,8
192,642,2025-07-30 21:29:16,12,93,0.42,9,0.74,3,0.0,21,2,7
357,643,2025-08-19 18:29:16,7,31,0.48,65,0.36,5,0.0,18,1,8
335,644,2025-09-16 03:29:16,1,13,0.2,35,0.01,2,0.5,3,1,9
194,645,2025-07-29 14:29:16,17,62,0.62,53,0.83,1,1.0,14,1,7
5,646,2025-09-17 00:29:16,5,38,0.43,52,0.37,3,0.5,0,2,9
331,647,2025-07-17 12:29:16,10,20,0.6,94,0.31,3,1.0,12,3,7
471,648,2025-08-29 09:29:16,1,105,0.57,57,0.37,5,1.0,9,4,8
455,649,2025-07-29 07:29:16,18,8,0.34,19,0.78,3,0.0,7,1,7
474,650,2025-07-02 07:29:16,2,30,0.43,36,0.66,5,1.0,7,2,7
289,651,2025-09-05 05:29:16,1,78,0.37,37,0.17,4,0.0,5,4,9
493,652,2025-07-14 11:29:16,6,61,0.35,44,0.09,4,1.0,11,0,7
421,653,2025-09-18 06:29:16,12,97,0.44,13,0.72,5,0.0,6,3,9
289,654,2025-07-17 03:29:16,7,84,0.59,57,0.56,4,1.0,3,3,7
460,655,2025-08-16 03:29:16,17,28,0.39,33,0.6,3,1.0,3,5,8
72,656,2025-07-24 16:29:16,2,35,0.6,59,0.83,1,0.5,16,3,7
28,657,2025-08-03 08:29:16,3,67,0.54,82,0.06,5,0.0,8,6,8
175,658,2025-07-10 20:29:16,19,80,0.57,29,0.98,5,0.5,20,3,7
497,659,2025-09-23 19:29:16,10,35,0.71,99,0.52,5,0.5,19,1,9
402,660,2025-07-27 08:29:16,14,104,0.74,93,0.33,1,0.5,8,6,7
284,661,2025-08-03 10:29:16,12,22,0.41,62,0.22,3,1.0,10,6,8
300,662,2025-09-16 20:29:16,12,96,0.69,46,1.0,4,0.5,20,1,9
409,663,2025-09-18 13:29:16,7,49,0.37,32,0.42,4,0.5,13,3,9
79,664,2025-07-08 11:29:16,12,24,0.31,46,0.12,4,1.0,11,1,7
200,665,2025-08-12 12:29:16,10,79,0.46,8,0.95,5,0.0,12,1,8
3,666,2025-08-02 04:29:16,9,65,0.25,9,0.33,5,0.5,4,5,8
53,667,2025-09-16 10:29:16,4,111,0.9,93,0.83,5,0.5,10,1,9
230,668,2025-07-17 23:29:16,17,74,0.8,80,0.93,3,0.5,23,3,7
53,669,2025-09-16 04:29:16,0,23,0.5,41,0.85,2,1.0,4,1,9
48,670,2025-07-13 05:29:16,19,119,0.79,68,0.84,5,0.5,5,6,7
7,671,2025-08-06 03:29:16,9,88,0.52,48,0.44,5,0.0,3,2,8
372,672,2025-08-26 21:29:16,17,104,0.71,69,0.63,2,1.0,21,1,8
87,673,2025-09-06 11:29:16,12,39,0.3,0,0.78,4,0.5,11,5,9
155,674,2025-07-26 11:29:16,8,74,0.37,40,0.16,4,0.0,11,5,7
86,675,2025-08-23 02:29:16,13,112,0.6,59,0.4,4,0.5,2,5,8
248,676,2025-08-12 07:29:16,2,28,0.77,88,0.96,4,0.0,7,1,8
370,677,2025-07-12 20:29:16,15,110,0.34,29,0.04,3,0.0,20,5,7
235,678,2025-09-10 06:29:16,3,59,0.79,91,0.79,2,0.0,6,2,9
486,679,2025-08-15 20:29:16,12,84,0.44,15,0.76,2,0.5,20,4,8
412,680,2025-08-02 05:29:16,10,93,0.62,76,0.27,1,0.5,5,5,8
418,681,2025-09-10 06:29:16,19,49,0.59,99,0.03,4,0.5,6,2,9
309,682,2025-07-28 05:29:16,6,86,0.53,56,0.35,2,0.0,5,0,7
494,683,2025-08-18 06:29:16,12,37,0.62,90,0.35,2,1.0,6,0,8
356,684,2025-07-16 08:29:16,15,36,0.72,74,0.96,5,0.5,8,2,7
193,685,2025-08-08 04:29:16,8,46,0.33,25,0.42,1,0.0,4,4,8
478,686,2025-09-01 21:29:16,18,41,0.65,57,0.98,5,1.0,21,0,9
93,687,2025-09-23 16:29:16,17,7,0.5,86,0.2,1,0.5,16,1,9
483,688,2025-08-02 06:29:16,6,23,0.76,88,0.95,4,1.0,6,5,8
36,689,2025-07-03 00:29:16,13,65,0.31,40,0.02,5,0.0,0,3,7
325,690,2025-08-28 07:29:16,9,72,0.67,70,0.68,1,1.0,7,3,8
79,691,2025-08-10 13:29:16,13,85,0.29,23,0.11,2,0.5,13,6,8
307,692,2025-07-15 03:29:16,15,32,0.5,57,0.54,1,1.0,3,1,7
260,693,2025-07-20 14:29:16,13,21,0.54,97,0.08,2,0.5,14,6,7
360,694,2025-07-12 19:29:16,17,69,0.53,73,0.17,2,0.0,19,5,7
56,695,2025-07-04 18:29:16,7,26,0.52,56,0.67,2,0.5,18,4,7
86,696,2025-09-21 21:29:16,19,20,0.48,50,0.65,4,1.0,21,6,9
347,697,2025-08-16 02:29:16,12,92,0.38,39,0.11,3,0.0,2,5,8
6,698,2025-08-25 08:29:16,3,14,0.53,98,0.05,1,1.0,8,0,8
383,699,2025-07-17 21:29:16,16,68,0.35,31,0.26,4,1.0,21,3,7
295,700,2025-08-01 04:29:16,7,30,0.61,67,0.76,5,0.5,4,4,8
238,701,2025-06-30 23:29:16,18,83,0.61,85,0.16,3,0.0,23,0,6
177,702,2025-07-28 12:29:16,0,109,0.67,39,0.98,2,0.5,12,0,7
213,703,2025-09-12 16:29:16,2,117,0.67,62,0.55,3,0.0,16,4,9
179,704,2025-08-15 01:29:16,9,76,0.5,43,0.54,4,0.0,1,4,8
267,705,2025-08-14 00:29:16,15,103,0.31,5,0.37,1,0.0,0,3,8
225,706,2025-08-18 13:29:16,14,54,0.53,42,0.78,3,0.5,13,0,8
23,707,2025-09-25 05:29:16,3,15,0.24,11,0.52,4,1.0,5,3,9
56,708,2025-08-26 23:29:16,5,96,0.53,40,0.58,5,0.0,23,1,8
283,709,2025-08-15 22:29:16,5,76,0.59,54,0.64,2,0.5,22,4,8
491,710,2025-08-29 03:29:16,14,46,0.58,59,0.7,4,1.0,3,4,8
95,711,2025-07-07 18:29:16,5,6,0.22,6,0.61,5,0.5,18,0,7
203,712,2025-07-11 09:29:16,0,7,0.23,26,0.28,1,0.5,9,4,7
304,713,2025-08-09 15:29:16,13,96,0.17,0,0.03,5,1.0,15,5,8
110,714,2025-08-22 17:29:16,6,36,0.34,47,0.15,4,0.0,17,4,8
296,715,2025-07-21 10:29:16,3,98,0.8,69,0.97,3,0.5,10,0,7
167,716,2025-07-31 12:29:16,6,36,0.34,8,0.8,1,0.5,12,3,7
344,717,2025-07-21 19:29:16,15,67,0.43,20,0.73,2,0.5,19,0,7
306,718,2025-07-11 03:29:16,12,8,0.41,27,0.88,3,1.0,3,4,7
59,719,2025-08-13 01:29:16,11,31,0.56,68,0.56,1,1.0,1,2,8
89,720,2025-07-10 21:29:16,9,72,0.49,24,0.82,2,0.0,21,3,7
345,721,2025-08-18 12:29:16,4,9,0.56,98,0.19,5,0.0,12,0,8
157,722,2025-09-04 04:29:16,3,13,0.3,49,0.11,4,1.0,4,3,9
73,723,2025-08-09 02:29:16,16,48,0.4,10,0.9,4,1.0,2,5,8
71,724,2025-08-09 02:29:16,18,112,0.65,72,0.36,2,0.0,2,5,8
250,725,2025-06-30 19:29:16,17,90,0.42,2,0.88,2,0.0,19,0,6
285,726,2025-07-27 06:29:16,5,116,0.33,20,0.11,2,0.0,6,6,7
96,727,2025-07-31 20:29:16,10,66,0.34,32,0.24,4,0.0,20,3,7
444,728,2025-09-26 00:29:16,11,38,0.49,40,0.74,2,0.0,0,4,9
100,729,2025-07-17 23:29:16,12,62,0.67,74,0.65,1,1.0,23,3,7
254,730,2025-07-02 00:29:16,13,73,0.42,10,0.84,3,0.5,0,2,7
364,731,2025-07-27 10:29:16,14,39,0.26,32,0.13,2,0.0,10,6,7
290,732,2025-08-30 06:29:16,0,70,0.81,98,0.69,4,0.0,6,5,8
141,733,2025-07-21 06:29:16,7,51,0.33,38,0.17,4,0.0,6,0,7
400,734,2025-07-16 16:29:16,14,5,0.38,71,0.07,3,0.5,16,2,7
282,735,2025-09-12 21:29:16,16,8,0.45,57,0.51,5,0.0,21,4,9
138,736,2025-08-11 22:29:16,17,103,0.54,56,0.3,4,0.0,22,0,8
390,737,2025-07-20 09:29:16,14,18,0.79,99,0.87,1,0.5,9,6,7
53,738,2025-08-20 14:29:16,7,103,0.82,76,0.9,3,0.5,14,2,8
135,739,2025-09-16 01:29:16,11,101,0.39,5,0.67,3,0.0,1,1,9
398,740,2025-08-31 16:29:16,7,95,0.78,97,0.45,4,1.0,16,6,8
353,741,2025-06-28 20:29:16,11,76,0.55,61,0.38,3,1.0,20,5,6
220,742,2025-07-11 11:29:16,5,88,0.39,24,0.42,2,0.0,11,4,7
417,743,2025-09-19 21:29:16,6,106,0.65,86,0.13,1,0.5,21,4,9
273,744,2025-07-12 22:29:16,8,87,0.64,50,0.83,3,0.0,22,5,7
166,745,2025-08-20 21:29:16,9,77,0.27,27,0.02,1,0.5,21,2,8
488,746,2025-07-03 12:29:16,16,23,0.4,46,0.45,5,0.0,12,3,7
493,747,2025-09-20 07:29:16,13,65,0.31,35,0.1,1,1.0,7,5,9
65,748,2025-08-27 11:29:16,4,68,0.41,32,0.47,1,1.0,11,2,8
165,749,2025-07-03 03:29:16,7,18,0.42,74,0.07,1,0.5,3,3,7
73,750,2025-07-09 07:29:16,18,63,0.71,77,0.74,4,1.0,7,2,7
213,751,2025-08-01 13:29:16,12,72,0.83,91,0.85,1,1.0,13,4,8
407,752,2025-08-06 23:29:16,2,114,0.88,85,0.89,5,1.0,23,2,8
143,753,2025-07-31 00:29:16,11,66,0.35,47,0.03,3,0.5,0,3,7
298,754,2025-09-15 16:29:16,0,15,0.58,63,0.79,5,0.5,16,0,9
326,755,2025-09-18 22:29:16,11,25,0.46,68,0.25,5,0.5,22,3,9
112,756,2025-08-31 00:29:16,13,71,0.37,43,0.11,5,0.5,0,6,8
166,757,2025-08-14 22:29:16,9,77,0.44,60,0.03,3,1.0,22,3,8
67,758,2025-07-27 05:29:16,18,85,0.89,97,0.88,1,1.0,5,6,7
391,759,2025-09-22 12:29:16,1,12,0.45,44,0.69,4,1.0,12,0,9
402,760,2025-09-25 12:29:16,14,58,0.61,75,0.46,1,0.0,12,3,9
226,761,2025-09-27 02:29:16,14,23,0.21,25,0.16,5,0.0,2,5,9
353,762,2025-07-06 06:29:16,4,55,0.45,37,0.59,5,0.0,6,6,7
448,763,2025-09-15 19:29:16,8,55,0.31,3,0.68,4,0.5,19,0,9
129,764,2025-08-10 18:29:16,2,32,0.18,3,0.38,5,1.0,18,6,8
85,765,2025-08-07 19:29:16,1,71,0.62,85,0.26,2,0.5,19,3,8
372,766,2025-08-03 19:29:16,7,95,0.72,54,0.98,1,0.0,19,6,8
361,767,2025-09-27 09:29:16,3,86,0.24,16,0.04,2,0.5,9,5,9
40,768,2025-07-14 08:29:16,4,31,0.16,7,0.24,2,1.0,8,0,7
349,769,2025-09-26 15:29:16,14,69,0.49,56,0.33,1,1.0,15,4,9
176,770,2025-08-03 17:29:16,3,103,0.51,39,0.47,5,0.0,17,6,8
245,771,2025-08-29 03:29:16,2,88,0.6,55,0.59,5,0.0,3,4,8
375,772,2025-09-14 05:29:16,3,106,0.42,48,0.01,3,0.5,5,6,9
452,773,2025-09-10 03:29:16,9,24,0.62,96,0.34,5,0.0,3,2,9
329,774,2025-09-18 23:29:16,4,53,0.56,63,0.51,3,1.0,23,3,9
5,775,2025-07-06 10:29:16,19,58,0.38,8,0.82,1,0.5,10,6,7
180,776,2025-07-08 16:29:16,6,45,0.19,16,0.11,3,0.0,16,1,7
471,777,2025-07-10 18:29:16,13,63,0.47,38,0.57,5,0.5,18,3,7
441,778,2025-09-16 12:29:16,6,68,0.18,10,0.04,3,0.0,12,1,9
386,779,2025-07-13 16:29:16,3,81,0.41,45,0.17,4,0.5,16,6,7
180,780,2025-08-18 11:29:16,13,23,0.68,75,0.88,5,0.0,11,0,8
142,781,2025-08-26 22:29:16,2,113,0.44,11,0.67,1,1.0,22,1,8
308,782,2025-08-21 17:29:16,19,49,0.81,89,0.96,2,0.0,17,3,8
435,783,2025-08-31 23:29:16,9,73,0.41,7,0.86,5,1.0,23,6,8
261,784,2025-08-08 06:29:16,6,51,0.53,86,0.04,4,1.0,6,4,8
28,785,2025-07-26 03:29:16,7,86,0.26,17,0.11,1,0.0,3,5,7
124,786,2025-07-07 20:29:16,15,40,0.5,81,0.09,4,0.0,20,0,7
271,787,2025-08-12 05:29:16,0,44,0.76,83,0.9,4,0.0,5,1,8
199,788,2025-08-05 04:29:16,18,119,0.49,14,0.75,2,1.0,4,1,8
350,789,2025-07-29 13:29:16,5,67,0.46,28,0.68,2,0.0,13,1,7
301,790,2025-09-26 07:29:16,2,55,0.64,74,0.6,2,0.0,7,4,9
21,791,2025-08-07 23:29:16,1,55,0.63,72,0.61,4,0.5,23,3,8
322,792,2025-08-05 02:29:16,16,7,0.62,83,0.64,5,1.0,2,1,8
206,793,2025-07-07 22:29:16,2,6,0.49,92,0.07,2,1.0,22,0,7
316,794,2025-08-23 13:29:16,4,85,0.47,40,0.42,3,0.5,13,5,8
41,795,2025-09-01 11:29:16,16,111,0.53,64,0.08,2,1.0,11,0,9
168,796,2025-07-13 19:29:16,12,105,0.84,84,0.81,1,1.0,19,6,7
349,797,2025-08-18 17:29:16,2,27,0.35,23,0.65,4,0.5,17,0,8
374,798,2025-09-20 08:29:16,7,25,0.56,53,0.85,4,0.0,8,5,9
474,799,2025-09-13 01:29:16,13,103,0.48,44,0.28,5,1.0,1,5,9
312,800,2025-08-18 18:29:16,1,106,0.46,29,0.45,2,1.0,18,0,8
337,801,2025-09-12 15:29:16,5,36,0.53,66,0.45,4,1.0,15,4,9
71,802,2025-09-07 00:29:16,0,83,0.47,40,0.43,3,0.5,0,6,9
268,803,2025-08-25 10:29:16,16,52,0.35,31,0.37,1,0.5,10,0,8
65,804,2025-09-12 15:29:16,8,104,0.49,32,0.53,2,0.5,15,4,9
414,805,2025-08-23 23:29:16,13,60,0.36,27,0.43,4,0.0,23,5,8
135,806,2025-07-09 13:29:16,18,41,0.57,55,0.76,4,0.5,13,2,7
234,807,2025-08-12 14:29:16,16,23,0.33,28,0.52,2,0.5,14,1,8
440,808,2025-09-06 04:29:16,18,96,0.43,34,0.34,3,0.0,4,5,9
131,809,2025-07-15 18:29:16,3,15,0.3,48,0.1,5,1.0,18,1,7
60,810,2025-07-24 15:29:16,7,12,0.44,33,0.84,4,0.0,15,3,7
440,811,2025-08-27 14:29:16,0,106,0.53,64,0.11,1,0.5,14,2,8
187,812,2025-09-08 10:29:16,12,113,0.58,49,0.49,3,0.0,10,0,9
284,813,2025-08-30 05:29:16,13,71,0.53,74,0.14,2,0.0,5,5,8
214,814,2025-08-24 13:29:16,10,31,0.29,45,0.03,3,1.0,13,6,8
191,815,2025-07-24 18:29:16,3,110,0.44,50,0.02,3,0.0,18,3,7
92,816,2025-07-23 14:29:16,7,19,0.22,29,0.13,2,0.5,14,2,7
36,817,2025-08-22 06:29:16,14,41,0.38,41,0.37,3,0.5,6,4,8
45,818,2025-07-31 15:29:16,17,91,0.36,5,0.6,4,0.5,15,3,7
103,819,2025-07-17 06:29:16,9,77,0.36,28,0.29,4,1.0,6,3,7
319,820,2025-07-30 04:29:16,7,21,0.61,95,0.34,4,1.0,4,2,7
498,821,2025-09-01 16:29:16,15,73,0.45,36,0.48,5,1.0,16,0,9
390,822,2025-09-08 15:29:16,7,38,0.56,85,0.25,3,0.5,15,0,9
13,823,2025-07-20 04:29:16,7,7,0.47,41,0.83,5,1.0,4,6,7
430,824,2025-08-16 15:29:16,0,55,0.61,84,0.34,4,1.0,15,5,8
193,825,2025-09-14 09:29:16,9,25,0.51,43,0.83,4,1.0,9,6,9
122,826,2025-07-27 14:29:16,13,119,0.37,0,0.58,5,0.0,14,6,7
365,827,2025-09-16 14:29:16,8,103,0.42,12,0.63,3,0.0,14,1,9
460,828,2025-08-05 17:29:16,16,104,0.66,50,0.78,3,0.5,17,1,8
235,829,2025-07-15 12:29:16,2,86,0.74,85,0.57,2,1.0,12,1,7
69,830,2025-09-17 21:29:16,12,23,0.44,36,0.73,4,1.0,21,2,9
32,831,2025-07-05 11:29:16,13,9,0.31,16,0.71,3,0.0,11,5,7
150,832,2025-08-18 03:29:16,8,68,0.84,90,0.91,3,1.0,3,0,8
426,833,2025-08-18 01:29:16,10,58,0.45,44,0.46,5,0.5,1,0,8
120,834,2025-09-02 11:29:16,2,15,0.5,91,0.06,4,1.0,11,1,9
56,835,2025-09-14 10:29:16,4,45,0.31,45,0.03,1,0.5,10,6,9
239,836,2025-08-06 12:29:16,10,119,0.44,18,0.51,4,1.0,12,2,8
184,837,2025-08-01 06:29:16,6,112,0.7,51,0.86,2,0.5,6,4,8
136,838,2025-09-16 10:29:16,3,104,0.6,74,0.2,3,1.0,10,1,9
156,839,2025-09-22 09:29:16,19,79,0.59,63,0.49,2,0.5,9,0,9
76,840,2025-08-27 04:29:16,2,85,0.66,50,0.89,3,0.5,4,2,8
263,841,2025-07-03 06:29:16,1,86,0.85,91,0.83,4,0.5,6,3,7
420,842,2025-09-24 03:29:16,5,11,0.25,34,0.2,1,0.5,3,2,9
285,843,2025-08-27 12:29:16,17,76,0.48,44,0.44,1,0.5,12,2,8
53,844,2025-09-12 15:29:16,4,101,0.72,95,0.24,3,0.0,15,4,9
426,845,2025-09-11 09:29:16,7,63,0.6,68,0.51,5,0.5,9,3,9
191,846,2025-07-14 21:29:16,2,35,0.68,79,0.76,5,0.5,21,0,7
470,847,2025-09-25 13:29:16,2,90,0.62,42,0.87,2,0.0,13,3,9
463,848,2025-09-11 13:29:16,14,46,0.48,63,0.3,4,0.5,13,3,9
63,849,2025-07-30 14:29:16,1,70,0.4,40,0.28,1,0.0,14,2,7
474,850,2025-08-02 16:29:16,18,98,0.69,46,0.99,2,0.5,16,5,8
255,851,2025-08-09 18:29:16,0,12,0.39,25,0.83,3,0.5,18,5,8
89,852,2025-08-31 10:29:16,11,69,0.54,35,0.83,1,0.5,10,6,8
144,853,2025-09-08 14:29:16,14,19,0.21,36,0.01,5,1.0,14,0,9
318,854,2025-08-26 19:29:16,19,64,0.7,72,0.77,4,0.5,19,1,8
256,855,2025-07-19 00:29:16,13,39,0.42,65,0.1,1,0.0,0,5,7
45,856,2025-08-09 11:29:16,8,38,0.37,45,0.28,4,0.5,11,5,8
103,857,2025-08-26 19:29:16,16,34,0.55,94,0.07,3,1.0,19,1,8
407,858,2025-08-09 17:29:16,0,76,0.33,2,0.63,5,0.5,17,5,8
246,859,2025-07-27 04:29:16,17,49,0.58,95,0.07,5,1.0,4,6,7
258,860,2025-08-09 07:29:16,10,87,0.42,15,0.68,1,0.0,7,5,8
14,861,2025-07-13 08:29:16,10,38,0.28,15,0.48,2,0.0,8,6,7
459,862,2025-09-20 00:29:16,8,70,0.68,89,0.4,4,1.0,0,5,9
184,863,2025-08-29 10:29:16,18,38,0.37,38,0.4,3,0.0,10,4,8
127,864,2025-08-23 22:29:16,7,97,0.67,52,0.84,1,1.0,22,5,8
29,865,2025-07-16 03:29:16,7,109,0.62,29,0.98,5,0.5,3,2,7
479,866,2025-09-05 08:29:16,5,23,0.42,52,0.42,1,1.0,8,4,9
163,867,2025-07-14 15:29:16,11,90,0.57,30,0.89,2,1.0,15,0,7
359,868,2025-07-16 21:29:16,11,14,0.7,99,0.62,4,0.0,21,2,7
289,869,2025-07-25 22:29:16,6,24,0.35,31,0.53,2,0.5,22,4,7
90,870,2025-09-23 13:29:16,15,32,0.55,52,0.8,4,0.0,13,1,9
120,871,2025-08-30 15:29:16,19,81,0.66,58,0.78,2,1.0,15,5,8
245,872,2025-08-15 20:29:16,0,16,0.26,30,0.28,2,0.0,20,4,8
413,873,2025-08-14 17:29:16,4,102,0.62,74,0.27,1,0.0,17,3,8
471,874,2025-09-20 15:29:16,10,83,0.42,56,0.0,2,0.0,15,5,9
301,875,2025-09-12 23:29:16,4,97,0.5,25,0.72,1,0.5,23,4,9
492,876,2025-08-10 17:29:16,2,91,0.84,87,0.84,1,1.0,17,6,8
203,877,2025-09-15 05:29:16,18,10,0.64,68,0.94,5,0.5,5,0,9
166,878,2025-09-06 16:29:16,4,32,0.35,10,0.83,3,0.5,16,5,9
406,879,2025-07-06 05:29:16,15,23,0.33,8,0.84,4,0.0,5,6,7
363,880,2025-06-30 20:29:16,17,72,0.89,99,0.91,3,0.5,20,0,6
115,881,2025-09-05 03:29:16,18,17,0.71,82,0.91,4,0.5,3,4,9
376,882,2025-09-11 10:29:16,9,55,0.31,36,0.12,2,1.0,10,3,9
1,883,2025-08-07 21:29:16,18,33,0.49,32,0.93,1,0.0,21,3,8
94,884,2025-08-17 20:29:16,19,59,0.19,9,0.14,5,0.0,20,6,8
328,885,2025-09-14 00:29:16,18,25,0.16,12,0.18,4,0.0,0,6,9
170,886,2025-08-28 04:29:16,2,15,0.31,16,0.68,1,0.5,4,3,8
86,887,2025-06-28 18:29:16,2,98,0.56,72,0.11,3,1.0,18,5,6
374,888,2025-08-01 15:29:16,10,87,0.5,11,1.0,1,0.5,15,4,8
108,889,2025-07-01 13:29:16,7,105,0.53,47,0.39,1,0.5,13,1,7
132,890,2025-09-27 14:29:16,3,103,0.43,46,0.11,3,0.5,14,5,9
225,891,2025-09-06 02:29:16,13,112,0.77,70,0.77,2,0.5,2,5,9
452,892,2025-08-13 22:29:16,12,105,0.36,12,0.42,2,0.5,22,2,8
52,893,2025-07-15 19:29:16,15,20,0.27,8,0.66,3,1.0,19,1,7
116,894,2025-08-01 13:29:16,5,58,0.57,55,0.65,4,0.0,13,4,8
151,895,2025-08-18 07:29:16,0,113,0.8,86,0.61,2,0.0,7,0,8
38,896,2025-09-06 03:29:16,10,13,0.74,87,0.93,4,0.0,3,5,9
375,897,2025-07-19 13:29:16,2,22,0.14,2,0.32,4,0.5,13,5,7
305,898,2025-07-27 17:29:16,19,48,0.38,20,0.68,1,0.0,17,6,7
221,899,2025-07-12 02:29:16,5,104,0.36,20,0.29,3,0.0,2,5,7
28,900,2025-08-16 09:29:16,3,17,0.55,56,0.82,2,0.0,9,5,8
210,901,2025-07-20 07:29:16,17,57,0.34,43,0.1,2,1.0,7,6,7
145,902,2025-08-28 12:29:16,9,50,0.26,12,0.38,2,0.0,12,3,8
202,903,2025-07-19 00:29:16,18,90,0.59,80,0.12,2,0.0,0,5,7
28,904,2025-09-27 02:29:16,11,39,0.41,24,0.74,1,0.0,2,5,9
151,905,2025-07-28 09:29:16,19,16,0.37,53,0.27,5,0.0,9,0,7
14,906,2025-09-05 19:29:16,6,47,0.49,24,0.96,4,0.5,19,4,9
42,907,2025-09-13 06:29:16,15,94,0.57,64,0.31,4,0.5,6,5,9
242,908,2025-07-05 07:29:16,15,20,0.33,46,0.22,4,0.0,7,5,7
329,909,2025-08-09 10:29:16,17,62,0.52,75,0.13,5,0.5,10,5,8
454,910,2025-08-11 10:29:16,12,46,0.48,58,0.38,1,0.5,10,0,8
23,911,2025-08-02 01:29:16,8,38,0.32,36,0.27,5,0.5,1,5,8
116,912,2025-07-17 14:29:16,8,29,0.43,32,0.74,4,0.0,14,3,7
386,913,2025-09-16 18:29:16,3,61,0.16,11,0.0,3,0.5,18,1,9
414,914,2025-08-05 21:29:16,17,104,0.84,76,0.97,3,0.0,21,1,8
284,915,2025-08-08 23:29:16,1,77,0.55,31,0.9,1,0.5,23,4,8
495,916,2025-07-02 00:29:16,17,91,0.68,88,0.29,5,1.0,0,2,7
452,917,2025-07-29 06:29:16,7,90,0.53,58,0.3,3,0.0,6,1,7
203,918,2025-07-24 21:29:16,1,33,0.27,28,0.25,4,1.0,21,3,7
410,919,2025-07-02 20:29:16,18,81,0.54,78,0.06,4,0.0,20,2,7
62,920,2025-09-05 10:29:16,14,94,0.46,3,0.96,1,0.0,10,4,9
414,921,2025-09-11 14:29:16,6,9,0.59,55,0.99,2,0.5,14,3,9
41,922,2025-09-01 19:29:16,13,79,0.37,14,0.56,1,0.0,19,0,9
428,923,2025-08-25 05:29:16,19,21,0.54,58,0.73,2,1.0,5,0,8
469,924,2025-09-16 03:29:16,2,61,0.48,25,0.85,3,1.0,3,1,9
204,925,2025-08-17 07:29:16,17,49,0.54,82,0.15,5,1.0,7,6,8
235,926,2025-06-29 20:29:16,0,76,0.58,67,0.39,4,1.0,20,6,6
268,927,2025-09-13 02:29:16,13,79,0.56,64,0.35,4,0.0,2,5,9
76,928,2025-07-13 21:29:16,18,106,0.83,87,0.72,1,0.0,21,6,7
474,929,2025-07-17 12:29:16,3,51,0.45,30,0.71,2,0.5,12,3,7
445,930,2025-08-14 02:29:16,17,30,0.22,4,0.5,1,0.5,2,3,8
197,931,2025-07-15 20:29:16,15,79,0.52,53,0.42,3,0.5,20,1,7
20,932,2025-08-23 03:29:16,5,102,0.34,14,0.35,2,0.0,3,5,8
317,933,2025-07-01 17:29:16,19,25,0.29,45,0.08,2,0.5,17,1,7
20,934,2025-08-15 17:29:16,12,82,0.56,73,0.18,3,0.0,17,4,8
26,935,2025-08-24 04:29:16,15,98,0.32,5,0.45,4,0.0,4,6,8
173,936,2025-08-19 07:29:16,9,113,0.39,32,0.14,3,0.5,7,1,8
440,937,2025-08-29 11:29:16,3,81,0.64,49,0.85,4,0.5,11,4,8
499,938,2025-08-17 07:29:16,14,112,0.56,69,0.11,4,1.0,7,6,8
214,939,2025-07-07 13:29:16,19,103,0.53,47,0.41,3,0.0,13,0,7
227,940,2025-08-05 16:29:16,6,94,0.63,61,0.57,3,0.5,16,1,8
389,941,2025-08-11 14:29:16,16,105,0.89,88,0.92,2,1.0,14,0,8
406,942,2025-09-19 06:29:16,5,30,0.13,5,0.19,3,1.0,6,4,9
260,943,2025-09-09 23:29:16,12,33,0.45,58,0.36,1,1.0,23,1,9
15,944,2025-09-03 09:29:16,5,111,0.55,42,0.52,2,0.0,9,2,9
128,945,2025-07-31 14:29:16,1,38,0.15,7,0.16,4,0.5,14,3,7
361,946,2025-08-23 04:29:16,6,115,0.85,93,0.64,1,0.5,4,5,8
259,947,2025-07-08 12:29:16,12,63,0.69,83,0.57,5,1.0,12,1,7
16,948,2025-08-11 00:29:16,7,90,0.37,43,0.01,2,1.0,0,0,8
229,949,2025-07-28 21:29:16,5,40,0.68,100,0.38,4,1.0,21,0,7
180,950,2025-09-07 07:29:16,11,46,0.3,42,0.05,2,1.0,7,6,9
426,951,2025-08-22 15:29:16,2,108,0.66,65,0.51,3,0.5,15,4,8
26,952,2025-07-16 09:29:16,5,26,0.62,100,0.25,5,0.0,9,2,7
332,953,2025-07-03 09:29:16,7,71,0.18,12,0.0,4,0.5,9,3,7
334,954,2025-07-24 15:29:16,13,13,0.41,53,0.4,3,1.0,15,3,7
5,955,2025-09-10 19:29:16,15,38,0.08,0,0.04,5,0.0,19,2,9
308,956,2025-08-30 07:29:16,0,75,0.57,66,0.39,5,1.0,7,5,8
413,957,2025-06-28 19:29:16,9,98,0.35,34,0.06,3,0.5,19,5,6
217,958,2025-08-14 01:29:16,12,94,0.73,77,0.62,5,0.5,1,3,8
112,959,2025-08-19 18:29:16,14,97,0.75,83,0.57,2,1.0,18,1,8
423,960,2025-08-07 21:29:16,19,72,0.51,64,0.24,2,0.0,21,3,8
4,961,2025-07-05 04:29:16,16,30,0.17,19,0.1,2,1.0,4,5,7
332,962,2025-07-12 06:29:16,19,63,0.7,74,0.75,5,0.5,6,5,7
351,963,2025-07-28 13:29:16,3,69,0.24,16,0.15,5,0.5,13,0,7
142,964,2025-08-23 07:29:16,10,45,0.66,92,0.43,3,1.0,7,5,8
365,965,2025-09-03 11:29:16,9,60,0.48,50,0.43,4,1.0,11,2,9
392,966,2025-09-19 20:29:16,7,30,0.18,18,0.14,2,0.5,20,4,9
339,967,2025-07-02 11:29:16,10,44,0.22,4,0.42,4,1.0,11,2,7
14,968,2025-08-21 07:29:16,15,27,0.61,83,0.5,4,0.5,7,3,8
208,969,2025-09-22 21:29:16,12,113,0.73,92,0.26,3,1.0,21,0,9
293,970,2025-08-14 16:29:16,6,116,0.48,45,0.21,1,1.0,16,3,8
114,971,2025-07-08 00:29:16,17,95,0.58,67,0.3,3,1.0,0,1,7
184,972,2025-08-20 10:29:16,16,41,0.19,0,0.41,3,1.0,10,2,8
449,973,2025-09-04 06:29:16,17,44,0.48,62,0.33,2,0.0,6,3,9
242,974,2025-08-24 16:29:16,4,97,0.38,23,0.35,4,1.0,16,6,8
391,975,2025-07-02 05:29:16,5,71,0.55,33,0.88,5,1.0,5,2,7
46,976,2025-08-13 08:29:16,7,27,0.5,68,0.39,5,1.0,8,2,8
447,977,2025-08-05 05:29:16,9,66,0.31,40,0.0,1,0.5,5,1,8
134,978,2025-08-21 01:29:16,18,64,0.48,53,0.36,1,0.0,1,3,8
241,979,2025-07-07 21:29:16,1,14,0.29,39,0.23,5,1.0,21,0,7
484,980,2025-09-18 00:29:16,19,65,0.59,83,0.23,3,0.0,0,3,9
257,981,2025-07-02 03:29:16,3,90,0.44,46,0.19,4,1.0,3,2,7
153,982,2025-09-21 11:29:16,13,42,0.47,35,0.74,5,0.0,11,6,9
103,983,2025-08-05 21:29:16,10,17,0.64,86,0.61,5,0.5,21,1,8
74,984,2025-09-04 13:29:16,10,29,0.26,26,0.27,1,0.5,13,3,9
171,985,2025-08-17 19:29:16,5,116,0.67,46,0.81,5,0.0,19,6,8
3,986,2025-08-23 09:29:16,14,58,0.24,20,0.15,3,0.0,9,5,8
296,987,2025-07-27 13:29:16,5,35,0.48,41,0.71,3,0.0,13,6,7
315,988,2025-07-08 02:29:16,13,38,0.18,8,0.27,2,0.5,2,1,7
220,989,2025-08-09 15:29:16,15,90,0.41,16,0.6,4,0.0,15,5,8
274,990,2025-08-11 15:29:16,6,115,0.35,24,0.13,5,0.5,15,0,8
388,991,2025-09-03 15:29:16,16,106,0.71,64,0.71,3,1.0,15,2,9
3,992,2025-08-29 17:29:16,7,40,0.75,80,0.93,2,0.5,17,4,8
160,993,2025-09-14 03:29:16,4,108,0.46,14,0.71,3,1.0,3,6,9
302,994,2025-09-06 13:29:16,9,74,0.16,0,0.12,2,0.0,13,5,9
153,995,2025-07-30 16:29:16,9,43,0.43,56,0.27,3,1.0,16,2,7
306,996,2025-08-15 02:29:16,16,45,0.58,92,0.14,4,1.0,2,4,8
69,997,2025-07-27 04:29:16,10,56,0.14,2,0.12,1,0.0,4,6,7
85,998,2025-09-25 08:29:16,12,80,0.5,46,0.44,1,0.0,8,3,9
373,999,2025-08-30 16:29:16,4,85,0.62,66,0.48,4,0.0,16,5,8
